"ID",Title,Description,Guidances,images,Latitude,Longitude,Postal code,Country code
332683,"Half-Day Private Guided Tour to Osaka Minami
","Come with us on foot to visit Minami, Osaka’s busiest area, for half a day!<br/><br/>We start with the American Village. To us the latest trends of young people in the region! Then we take a walk on Midosuji Avenue, the equivalent of the Champs-Élysées in Osaka.<br/><br/>We go to Shinsaibashisuji, the shopping street, where you can find everything! The march continues along the Dotonbori River. The famous Glico Man welcomes us there.<br/><br/>We then pass Hozenji Yokocho, which denotes its traditional architecture, and we visit the peaceful Hozenji Buddhist temple.<br/><br/>A little further, Denden Town, Osaka's electronic and pop culture district! We stroll there before arriving at Shinsekai, with a retro atmosphere, and with its Tsutenkaku tower.<br/><br/>After this day, you will learn more about the contemporary history of Japan. You’ll have had enough eyes full of this beautiful modern city! Are you coming? We are waiting for you!","{""guidanceTypes"":[{""id"":null,""created"":[2023,12,19,6,53,33,715137000],""guidanceType"":""GUIDED"",""languages"":[""fr"",""en"",""ja""],""displayLanguages"":[]}]}",http%3A%2F%2Fbokun.s3.amazonaws.com%2F79ec4107-3311-491a-97f0-c5925a942c4b.jpg,,,,
447114,"Half-Day Private Guided Tour to Osaka Castle

","Come with us to visit Osaka Castle and dive into Japanese history for half a day on foot!<br/><br/>We enter the castle grounds to soak up the history of Japan. We learn more from the end of the Warring Provinces period (15th-17th century). Here we have the site of the famous Battle of Osaka in 1614-1615, which marked the fall of the Toyotomi and the rise of the Tokugawa. We will walk in the park, especially during the cherry blossom season, and it revitalizes us.<br/><br/>After this half day, you will learn more about the history of Japan and Osaka. You will have regenerated in the greenery of Osaka, with a good breath of clean air. Are you coming? We are waiting for you!","{""guidanceTypes"":[{""id"":null,""created"":[2023,12,19,8,5,43,338705000],""guidanceType"":""GUIDED"",""languages"":[""fr"",""en"",""ja""],""displayLanguages"":[]}]}",https%3A%2F%2Fbokun.s3.amazonaws.com%2Fd711a497-9f87-4c36-ac10-dfd3c11f6142.jpg,34.6808687,135.5338569,540-0003,JP
449666,Private Transfer from Kansai Airport by Public Transport,"Come to Kansai safely!<br/><br/>We meet you after your arrival at the airport (Osaka International Airport, Kansai International Airport or Kobe International Airport) or at Shinkansen Station (Shin-Osaka Station, Kyoto Station or Shin-Kobe Station). Then we travel with you by public transport to your hotel.<br/><br/>Your guide welcomes you and gives you all the information you need for your trip in French, Japanese or English, whichever you prefer. Your guide is a local Japanese or a long-time resident of Kansai. He knows the area very well and will be happy to share his advice and knowledge with you.<br/><br/>Are you coming? We are waiting for you!","{""guidanceTypes"":[{""id"":null,""created"":[2021,6,9,4,41,55,334000000],""guidanceType"":""GUIDED"",""languages"":[""fr"",""en"",""ja""]}]}",https%3A%2F%2Fbokun.s3.amazonaws.com%2Ffd2f734e-d1a6-4273-aa2f-f5b7e7c4065f.jpg,34.434696,135.23537,549-0001,JP
453592,Half-Day Private Guided Tour to Osaka Kita ,"Come with us to visit Osaka Kita for half a day on foot and by public transport!<br/><br/>We start by strolling along the Yodo River Park to enjoy the breathtaking view towards the skyline of the modern city. We follow the river, then pass through the Juso Bridge, to arrive at Umeda Sky Building. The 360° panoramic observatory then offers us a magnificent view towards Osaka and the whole region! <br/><br/>Then we pass through Osaka Station, a modern railway hub with shops, restaurants, and cafes, before diving into the heart of the Umeda business district. Our last stop is the Ohatsu Tenjin Shinto Shrine, famous for its tragic 18th century love story and its role in protecting Osaka Kita.<br/><br/>After this midday, you will have had plenty of eyes and you will learn more about Osaka Kita, its history, architecture, and culture. Are you coming? We are waiting for you!","{""guidanceTypes"":[{""id"":null,""created"":[2020,10,31,6,29,44,600000000],""guidanceType"":""GUIDED"",""languages"":[""fr"",""en"",""ja""]}]}",https%3A%2F%2Fbokun.s3.amazonaws.com%2F3ce5a55b-a1a9-4785-a001-69321623470e.jpg,,,,
827429,"Half-Day Private Guided Tour to Gion in Kyoto

","Come with us on foot to visit the historic streets of Gion, Kyoto, for 4 hours!<br/><br/>We start with a walk along the Kamo River, popular among the locals. Then we discover Shirakawa Street, which marks the entrance to the traditional town.<br/><br/>We visit the Yasaka Shinto Shrine, a sacred site dating from the 7th century. We walk through the old town via Sannenzaka and Ninenzaka, where traditional Kyoto awaits us.<br/><br/>We then pass through Maruyama Park. This park is ideal for enjoying nature. Especially when flowering cherry trees in spring or autumn leaves! Finally, we end our visit with a stroll down Hanamikoji Street, where the kyomachiya, traditional houses of Kyoto, transport us back in time.<br/><br/>After this midday, you will learn more about the history and culture of Gion, and Japan. You will also be full of memories with this traditional cityscape! Are you coming? We are waiting for you!","{""guidanceTypes"":[{""id"":null,""created"":[2023,12,21,0,12,4,571521000],""guidanceType"":""GUIDED"",""languages"":[""fr"",""en"",""ja""],""displayLanguages"":[]}]}",https%3A%2F%2Fbokun.s3.amazonaws.com%2F5b927d31-f64a-4ce8-bed6-eb4b745b07c5.jpg,35.0092631,135.7712296,604-8004,JP
827431,Half-Day Private Guided Tour to Kobe City,"Come with us to visit Kobe for 4 hours on foot and by public transport!<br/><br/>This tour begins with a visit to downtown Sannomiya. We then go to Kitanocho. This is the European Quarter of the city. You will see, his contemporary history is exciting! This area, located on a hill, also offers fantastic views of the city below.<br/><br/>We go down the city and then we will arrive at Nankinmachi Chinatown. We can visit China while staying in Japan, how wonderful!<br/><br/>We finish with the Port of Kobe and Harborland. This family-friendly port area is lively. We will see the renewal of the city after the great earthquake of 1995. We can admire the famous tower, the port, the boats here and there, and the attractions.<br/><br/>After this day, you will learn more about this city full of history, culture, and modernity. You'll leave with plenty of memories. Are you coming? We are waiting for you!","{""guidanceTypes"":[{""id"":null,""created"":[2023,12,21,0,12,52,184083000],""guidanceType"":""GUIDED"",""languages"":[""fr"",""en"",""ja""],""displayLanguages"":[]}]}",https%3A%2F%2Fbokun.s3.amazonaws.com%2F25324544-b50b-44e5-ad40-ae58f3fea528.jpg,34.694659,135.1949544,651-0097,JP
839094,"Half-Day Private Guided Tour to Arashiyama, Kyoto","Come with us to visit Arashiyama on foot for 4 hours!<br/><br/>Tenryuji Zen Buddhist temple dates from the 14th century. He is a witness to the history of Japan. We begin our visit with this temple. Then we sink into the beautiful bamboo grove of Arashiyama. We are impressed by its giant bamboos!<br/><br/>Our walk will take us to Arashiyama Park and then to the Katsura River. We can recharge our batteries in these places rich in nature. Finally, we will explore Sagano, a charming old neighborhood rich in history.<br/><br/>Between nature and history, this tour offers a perfect blend of traditional and natural wonders of Kyoto.<br/><br/>Come with us to immerse yourself in the beauty of Arashiyama. Are you coming? We are waiting for you!","{""guidanceTypes"":[{""id"":null,""created"":[2024,2,3,23,52,1,576092000],""guidanceType"":""GUIDED"",""languages"":[""fr"",""en"",""ja""],""displayLanguages"":[]}]}",https%3A%2F%2Fbokun.s3.amazonaws.com%2F688999a2-00d1-41cc-b325-212180f37240.jpg,35.018781,135.6811811,616-8373,JP
839095,Half-Day Private Guided Tour to Nara City,"Come and visit with us the beautiful little historic city of Nara for 4 hours!<br/><br/>This tour on foot and by public transport begins with Todaiji Temple. The largest sitting Buddha in Japan and the largest wooden building in the world welcome us! Then we visit the Great Shinto Shrine Kasuga Taisha, a sacred place surrounded by nature and the famous 1,200 shika deer of Nara Park. We will also visit the charming historic Naramachi district, where traditional architecture plunges us into the past.<br/><br/>With a mix of history, nature and culture, this tour is ideal for those who wish to discover the very essence of Nara.Book now and dive into Nara's history and nature with us. Are you coming? We are waiting for you!","{""guidanceTypes"":[{""id"":null,""created"":[2024,2,3,23,52,9,337966000],""guidanceType"":""GUIDED"",""languages"":[""fr"",""en"",""ja""],""displayLanguages"":[]}]}",https%3A%2F%2Fbokun.s3.amazonaws.com%2F11d24e83-1fa7-42f9-9e38-fd493f8f83cf.jpg,34.6813834,135.8202746,630-8122,JP
843364,Full-Day Private Guided Tour to Nara Temples,"Come with us to visit Nara during one day on foot and by public transports!<br/><br/>We start with the Nara Prefectural Government Office’s rooftop. The view is fantastic! From there, the guide shows you Todaiji, Kasuga-taisha, and Nara Park. It will be a good way for introduction to begin the day!<br/><br/>We go on a walk then we arrive to Todaiji Temple (8th century), home to Japan’s largest seated Buddha. You will be amazed by its magnificence ! After the temple, we continue our walk to Kasuga-Taisha Shrine. Sacred deer are free to come and go. We walk through Nara Park, meeting over 1,200 deer along the way.<br/>Finally, we arrive to Naramachi, merchant old town, rich in traditional Edo-period architecture. We are also able to visit old houses.<br/><br/>After that day, you will know more about Japanese History, through Nara Period (8th century) and Edo Period (17-19th century). You will also be full of memory with all these monuments and nature all the way of our trip. Ready to come? We are waiting for you!","{""guidanceTypes"":[{""id"":null,""created"":[2024,1,15,13,30,20,676994000],""guidanceType"":""GUIDED"",""languages"":[""fr"",""en"",""ja""],""displayLanguages"":[]}]}",https%3A%2F%2Fbokun.s3.amazonaws.com%2Fa27b1130-305e-45eb-9617-4a8afc0e1c14.jpg,34.688659,135.534089,540-0002,JP
843392,"Full-Day Private Guided Tour to Historical Osaka

","Come with us to visit the historical Osaka on foot and by public transport!<br/><br/>We start with the Sumiyoshi-Taisha Shinto Shrine, a spiritual place with 1,800 years of history. We can admire its traditional Japanese architecture. Then we go to Shitennoji Temple, dating from 593. Here, one of the symbols of the arrival of Buddhism in Japan and therefore a must for history lovers, is magnificent!<br/><br/>We continue the tour with Osaka Castle. This medieval castle dates from the late 16th century. So, we can learn more about the history of Japanese samurai.<br/><br/>We then go to Shinsekai. The retro atmosphere of the district, with its famous Tsutenkaku tower and the nostalgic atmosphere of the 1970s, takes us back in time.<br/><br/>After that day, you will be full of memories with the nature and architecture of Osaka. The history of the city will have no secrets for you! Are you coming? We are waiting for you!","{""guidanceTypes"":[{""id"":null,""created"":[2023,12,19,7,41,50,25596000],""guidanceType"":""GUIDED"",""languages"":[""fr"",""en"",""ja""],""displayLanguages"":[]}]}",https%3A%2F%2Fbokun.s3.amazonaws.com%2Feefb9df0-5cc4-46b8-bf62-b5e39f24f278.jpg,34.688659,135.534089,540-0002,JP
843396,"Full-Day Private Guided Tour to Kyoto, Arashiyama","Come and visit Arashiyama, one of Kyoto’s traditional districts, for a full day on foot and by public transport!<br/><br/>We start with a hike to the top of Mount Iwatayama. Monkeys are friendly, and we can even feed them! <br/><br/>We cross the Togetsu-kyo bridge to reach the old quarter of Saga-Arashiyama. We take a break there for lunch.<br/><br/>After our break, we visit the Tenryuji Zen Buddhist Temple, (14th century). Highlight of the day: we go for a walk in the world-famous Arashiyama bamboo grove. Then we walk along the Katsura River, a good breath of fresh air.<br/><br/>We end the excursion with a quiet walk to your station, with memorable memories full of heads.<br/><br/>After this day, you will learn more about the history of Japan. You will also have had plenty of eyes of this lush nature and beautiful old town. Are you coming? We are waiting for you!","{""guidanceTypes"":[{""id"":null,""created"":[2024,1,14,6,39,18,557236000],""guidanceType"":""GUIDED"",""languages"":[""fr"",""en"",""ja""],""displayLanguages"":[]}]}",https%3A%2F%2Fbokun.s3.amazonaws.com%2F46d8ebd2-4124-45b7-a4f7-dc5839d94712.jpg,,,,
843397,Full-Day Private Guided Tour to Kyoto Temples,"Come with us to visit Kyoto for 8 hours on foot and by public transport!<br/><br/>We start with the famous Golden Pavilion, symbol of the splendour of Kyoto with its exterior covered in gold leaf. <br/><br/>Then head for the Path of Philosophy, full of nature. We take it to the Silver Pavilion, famous for its pagoda, Zen Garden, and views of Kyoto.<br/>This temple is more sober but just as beautiful as the Golden Pavilion.<br/><br/>In Kiyomizu-Dera, we admire the panoramic view of Kyoto from the famous terrace. We also explore the surrounding temples and buildings inscribed in the surrounding nature.<br/><br/>We end with the Shinto Shrine Fushimi Inari Taisha, famous for its thousands of red torii portals along the way.<br/><br/>After this day, you will know more about the religious history and culture of Japan. You will also have been dazzled by the architecture, views and nature of the places visited. Are you coming? We are waiting for you! ","{""guidanceTypes"":[{""id"":null,""created"":[2024,1,5,23,13,31,649271000],""guidanceType"":""GUIDED"",""languages"":[""fr"",""en"",""ja""],""displayLanguages"":[]}]}",https%3A%2F%2Fbokun.s3.amazonaws.com%2Fbbf6b0be-1c2c-477a-8aef-2701efb5f9d5.jpg,,,,
843402,Full-Day Private Guided Tour to Kobe City,"Come with us for a private guided tour of on foot and by public transport to Kobe, where history, fashion and modernity meet.<br/><br/>We start at Sannomiya Station and discover the historic Kobe Kitano Ijinkangai (foreign residences district), a place steeped in history.<br/><br/>We then take to the bustling shopping street of Kobe Motomachi, then dive into the vibrant atmosphere of Nankingmachi, the city’s vibrant Chinatown.<br/><br/>We conclude our visit to Harborland, a charming family-run port with stunning views of the city from the mountains to the sea.<br/><br/>After this day, you will learn more about the History of Kobe. You will also have had plenty in your eyes with this modern family and lively city. Are you coming? We are waiting for you!","{""guidanceTypes"":[{""id"":null,""created"":[2021,6,9,3,52,18,591000000],""guidanceType"":""GUIDED"",""languages"":[""fr"",""en"",""ja""]}]}",https%3A%2F%2Fbokun.s3.amazonaws.com%2F5435eb01-e373-4c09-86e8-c1fb93f7f804.jpg,,,,
843437,Full-Day Private Guided Tour to a Japanese Mountain: Ikoma,"Come with us to visit Mount Ikoma for a day on foot and by public transport. The culture, history and natural beauty of Japan will be there for your great pleasure!<br/><br/>We begin our visit to the Shinto Shrine Ishikiri Tsurugiya, a 2,700-year-old sacred site rich in history. Then we explore Ishikiri Sando, the busy shopping street popular with locals and celebrities.<br/><br/>We then proceed to Mount Ikoma. We visit Monzenmachi, a charming area leading to Hozanji Temple. We discover this ancient temple of the 12th century, dedicated to Ganesh.<br/><br/>We finish with Ikoma Skyland, an amusement park with breathtaking views of Osaka Bay and Nara’s bowl. These views are particularly magical at sunset.<br/><br/>After this day, you will learn more about the history of Japan. You will also have been amazed with the landscapes and panoramic views throughout the visit. Are you coming? We are waiting for you!","{""guidanceTypes"":[{""id"":null,""created"":[2024,1,14,7,9,11,259151000],""guidanceType"":""GUIDED"",""languages"":[""fr"",""en"",""ja""],""displayLanguages"":[]}]}",https%3A%2F%2Fbokun.s3.amazonaws.com%2Fc98b69a7-5359-4aeb-adc3-3be8b59ca2e6.jpg,,,,
843440,Full-Day Goldfish Unique Experience in Yamato-Koriyama,"Come with us to Yamato-Koriyama to visit its old town on foot and by public transport and learn more about Japanese goldfish! <br/><br/>We start with the castle of Koriyama, feudal military vestige of the city. We then walk around the city. Traditional houses and small streams welcome us and offer us a glimpse of the Edo period (16th-19th century).<br/><br/>We can have an indigo dyeing experience in Hakomotakan Konya, ancestral know-how. We can then try our luck at goldfish fishing, a traditional Japanese summer activity, in Kochikuya. Here we can practice all year round! Finally, we visit the Goldfish Museum. We are learning more about the unique culture of these fish in the city.<br/><br/>After this day, you will learn more about Japanese history and goldfish, part of Japanese culture. Are you coming? We are waiting for you!","{""guidanceTypes"":[{""id"":null,""created"":[2021,6,9,4,19,32,836000000],""guidanceType"":""GUIDED"",""languages"":[""fr"",""en"",""ja""]}]}",https%3A%2F%2Fbokun.s3.amazonaws.com%2Fa19cf11e-02db-4cb9-9215-38ded02524ab.jpg,,,,
843442,"Full-Day Unique Sumo Experience in Katsuragi, Nara","Come with us to visit Taima district in Katsuragi on foot and by public transport!<br/><br/>Taima-dera is a Buddhist temple founded in 612. We begin our visit there. We will see its famous Taima Mandala, a magnificent representation of Buddhist paradise. We will then take a walk on Taimadera Street, an old town that is tending to modernize.<br/><br/>We will stop at the Kehayaza Sumo Museum. We will learn more about this iconic sport linked to the history and culture of Japan. We can even have a fun sumo experience!<br/><br/>The end of our trip will take us to Chujodo Honpo, a traditional pastry shop near the station. We can take a gourmet break to enjoy the delicious chujo mochi, a sweet local specialty.<br/><br/>After this day, you will learn more about Japanese history, sumo and Buddhism. You will also have had a good breath of fresh air in the Japanese countryside. Are you coming? We are waiting for you!","{""guidanceTypes"":[{""id"":null,""created"":[2024,1,10,4,54,14,127708000],""guidanceType"":""GUIDED"",""languages"":[""fr"",""en"",""ja""],""displayLanguages"":[]}]}",https%3A%2F%2Fbokun.s3.amazonaws.com%2Fa809e8bf-2c26-4a7e-82a8-8de57360c8a1.jpg,,,,
843443,Full-Day Private Guided Unique Ninja Experience in Iga,"Come with us for a thrilling 8-hour adventure in Iga and dive into the world of ninjas!<br/><br/>This walking and public transport tour begins with our transformation into a ninja. ""Ninja Henshin no Jutsu""! Then head to the ninja house. We will be delighted by its traps, secret passages and clever hiding places.<br/><br/>We then visit the Ninja Iga-ryu Museum, where we can discover their history as well as their ancestral arts and techniques.<br/><br/>If it takes place, we will see a ninja show. Iga's troupe of real ninjas will dazzle us with their acrobatic performances. We can even try some moves with shuriken throws!<br/><br/>The day continues with a visit to Iga Ueno Castle and then the city, which we explore wearing your ninja outfit.<br/><br/>After this day, you will learn more about the history of Japan and the mysterious ninja while being amazed by the sceneries. Are you coming? We are waiting for you!","{""guidanceTypes"":[{""id"":null,""created"":[2024,1,8,7,6,39,809203000],""guidanceType"":""GUIDED"",""languages"":[""fr"",""en"",""ja""],""displayLanguages"":[]}]}",https%3A%2F%2Fbokun.s3.amazonaws.com%2F6b41607a-b9a0-4e46-aebc-7a83a8cd466f.jpg,,,,
843552,Full-Day Private Guided tour to Kyoto City,"Come with us to discover Kyoto through a day tour on foot and by public transport!<br/><br/>The Imperial Palace in Kyoto was the residence of emperors until 1868. We start the day by visiting it by immersing ourselves in centuries of imperial history.<br/><br/>Then head to Nijo Castle! We have here the symbol of the reign of the samurai and the Tokugawa clan from the 17th to the 19th century. Its “nightingale floor” and beautiful gardens are there to delight you.<br/><br/>We have lunch at the Nishiki market, Kyoto food pantry. Fresh products, authentic Japanese flavors sweet and savory... Perfect for us!<br/><br/>We end our day in Gion, the traditional neighborhood. To us the historic streets! If we're lucky, we might even meet a graceful geisha on a walk.<br/><br/>This tour offers a perfect mix of history, culture, and flavors. Book now and let Kyoto seduce you. Are you coming? We are waiting for you!<br/>","{""guidanceTypes"":[{""id"":null,""created"":[2023,12,12,12,34,4,248158000],""guidanceType"":""GUIDED"",""languages"":[""fr"",""en"",""ja""],""displayLanguages"":[]}]}",https%3A%2F%2Fbokun.s3.amazonaws.com%2F6ed766a7-a854-4d60-8ce9-60c08d6aaf81.jpg,,,,
843554,Full-Day Private Guided Tour to Himeji Castle,"Come with us to discover Himeji during this day of private guided on foot and by public transport tour!<br/><br/>We start with a visit to Mount Shosha and Engyoji Temple. This 10th century temple offers us calm and serenity. This temple, reputed to be authentic, is prized by film makers for its medieval Japanese atmosphere. It is even here that the film “The Last Samurai” was shot. The opportunity for us to visit it!<br/><br/>We then go to the beautiful castle of Himeji. Here, one of the 12 original castles of Japan still intact. Himeji Castle is a symbol of Japan’s feudal past, and we have the opportunity to discover its wooden keep as it was in 1618. Your guide will share fascinating anecdotes about the history of the castle and the ancient political landscape of Japan.<br/><br/>After this day, you will learn more about the history of Japan, while having a good breath of fresh air in nature. Are you coming? We are waiting for you!","{""guidanceTypes"":[{""id"":null,""created"":[2023,12,11,11,1,54,51366000],""guidanceType"":""GUIDED"",""languages"":[""fr"",""en"",""ja""],""displayLanguages"":[]}]}",https%3A%2F%2Fbokun.s3.amazonaws.com%2F9832b8f9-5c44-49e0-9447-d8bb9bc37645.jpg,,,,
843555,Full-Day Private Guided Tour to Osaka Castle,"Come with us to visit Osaka Castle for a day on foot and by public transport. Let's dive into Japanese history together for one day!<br/><br/>We first visit the Osaka History Museum, which traces the evolution of the city from its origins to the present day. We then go to the remains of Naniwa Palace, dating from the 7th century, located near the castle.<br/><br/>We finally enter the castle grounds to soak up the history of Japan, especially the end of the warring Provinces era (XV-17th century). Here we have the site of the famous Battle of Osaka in 1614-1615, which marked the fall of the Toyotomi and the rise of the Tokugawa.<br/><br/>After this day, you will learn more about the history of Japan and Osaka and you will have rejuvenated in the greenery of Osaka, with a good breath of clean air. Are you coming? We are waiting for you!","{""guidanceTypes"":[{""id"":null,""created"":[2021,12,1,13,4,47,667000000],""guidanceType"":""GUIDED"",""languages"":[""fr"",""en""]}]}",https%3A%2F%2Fbokun.s3.amazonaws.com%2Ff13c133f-7d74-47a3-a508-277b8329c742.jpg,,,,
843556,"Full-Day Private Guided to Osaka Modern City
","Come with us to visit modern Osaka for 8 hours!<br/><br/>This tour on foot and by public transport starts with Osaka Kita, with Umeda Sky Building and its observatory. What a breathtaking view! We then pass through Osaka Station, symbol of modern Osaka, to Ohatsu Tenjin Shinto Shrine, famous for its tragic love story.<br/><br/>Then, head to Osaka Minami, the southern neighborhood! Shinsaibashisuji, the paradise of shopping, welcomes us then we discover the dynamism of the American Village. We then walk to Dotonbori, the famous neon lights, and food stalls.<br/><br/>Further south, Denden Town! This is the electronic and pop culture district. Then we can immerse ourselves in the retro atmosphere of Shinsekai. We finish with the Kuromon market where you can taste local specialties, if you wish.<br/><br/>A full day to discover modern Osaka in all its facets. Are you coming? We are waiting for you!","{""guidanceTypes"":[{""id"":null,""created"":[2021,6,9,5,22,7,821000000],""guidanceType"":""GUIDED"",""languages"":[""fr"",""en"",""ja""]}]}",https%3A%2F%2Fbokun.s3.amazonaws.com%2F9fbb631b-b551-47b7-9467-faa783bbfce6.jpg,,,,
843557,One day Bleisure Private Tour in Kansai,"If you are a businesswoman or businessman on a business trip to Osaka or Kansai (Kyoto, Kobe, Nara, etc.) in Japan, this tour is for you! <br/><br/>Customize your tour to your needs and have a guide accompany you to your meetings or exposition to translate and interpret between French, Japanese, and English languages.<br/><br/>After you are done with your work, and if there is still enough time, your guide can take you on a tour of the city so you can discover the culture you are now dealing with. Following your meeting place, visit the modern Osaka through one of the two districts of Osaka Kita or Minami, visit Kyoto's Gion District if you are in its neighborhood, Kobe's Downtown and Harborland, around Nara Park, or else.","{""guidanceTypes"":[{""id"":null,""created"":[2021,6,9,5,30,35,562000000],""guidanceType"":""GUIDED"",""languages"":[""en"",""fr"",""ja""]}]}",https%3A%2F%2Fbokun.s3.amazonaws.com%2F08f81c92-d28e-44aa-bce1-d2e7b4aad4de.jpg,,,,
843558,"Full-Day Private Guided Tour to Kashihara
","Come with us to discover Kashihara, with its glorious past, during a day on foot and by public transport!<br/><br/>Kashihara was the first capital of Japan. We start the tour with Shinto Kashihara-jingu Shrine (1889). The first imperial palace, dating from 660 BC, was built on this site and now Emperor Jinmu, the first Emperor of Japan, is venerated there.<br/><br/>Your guide will then accompany you through the picturesque streets of Imai-cho. We walk around this traditional Japanese city that preserves its Edo-era architecture. Once a temple city, Imai-cho became an active trading city during the Edo period. Its well-preserved buildings offer a fascinating glimpse into Japan’s past.<br/><br/>After this day, you will learn more about the origins and exciting history of Japan and you will leave full of memories. Are you coming? We are waiting for you!","{""guidanceTypes"":[{""id"":null,""created"":[2021,6,9,5,36,16,761000000],""guidanceType"":""GUIDED"",""languages"":[""fr"",""en"",""ja""]}]}",https%3A%2F%2Fbokun.s3.amazonaws.com%2F554073c3-a49f-43bd-bf11-1f3103e79503.jpg,,,,
843559,Full-Day Private Guided Tour to Asuka from Kashihara,"Come and visit Asuka, a village steeped in Japan’s protohistoric past.<br/><br/>On this tour on foot and by public transports, you will discover ancient Japan, with ancient imperial capitals (especially from the 6th and 7th centuries) and various sites reflecting the life of those times.<br/><br/>Asuka is a village of 5,620 inhabitants. We walk there while admiring the old town of Edo style architecture (16th-19th centuries).<br/><br/>Your guide accompanies you through the next UNESCO World Heritage Site “Asuka-Fujiwara: Archaeological Sites of the Ancient Capitals of Japan” (scheduled for 2026). We visit Asuka-dera Temple (596), home to the oldest Buddha in Japan (606). We go to the remains of the Itabuki Imperial Palace, then we go to Ishibutai, an ancient tomb of a 7th century nobleman.<br/><br/>After this day, you will learn more about the protohistory of Japan and you will have recovered in the middle of nature. Are you coming? We are waiting for you!","{""guidanceTypes"":[{""id"":null,""created"":[2021,6,9,5,39,13,179000000],""guidanceType"":""GUIDED"",""languages"":[""en"",""fr"",""ja""]}]}",https%3A%2F%2Fbokun.s3.amazonaws.com%2F6a8cdfd3-b9e5-402e-830e-555a858fe1e5.jpg,,,,
843560,"Full-Day Private Guided Tour to Sakai City
","Come with us to discover Sakai and the history of Japan during a day on foot and by public transport!<br/><br/>We start with the port of Sakai. We see different historical monuments from the 16th and 19th centuries. What a history lesson!<br/><br/>We visit the Knife Museum. The famous blacksmiths of Sakai are honored with the kitchen knife sword. We then go to Sakai Plaza de Rikyu and Akiko, a museum that traces the evolution of Sakai from antiquity to the modern era. We can discover the rich history of the city and its link with Japan.<br/><br/>We then go to the mausoleum of Emperor Nintoku, dating from the 5th century and part of the UNESCO World Heritage. This kofun, mound, gives off a unique atmosphere and is one of the most significant monuments in Japan.<br/><br/>Learn more about the history of Japan and Sakai after this day. You will also have had plenty in the eyes of this picturesque city! Are you coming? We are waiting for you!","{""guidanceTypes"":[{""id"":null,""created"":[2023,7,19,14,7,30,553047000],""guidanceType"":""GUIDED"",""languages"":[""fr"",""en"",""ja""],""displayLanguages"":[]}]}",https%3A%2F%2Fbokun.s3.amazonaws.com%2Fc76d6148-b2d4-418c-bd5b-48dfed559c93.jpg,,,,
843562,Full-Day Private Guided Tour to Mount Koya,"Come with us to visit Mount Koya, Japan’s spiritual and cultural jewel, for a day on foot and by public transport! <br/><br/>We take the train and we sink into the deep countryside. This gives us a contrasting view between the lively city and the quiet nature, before reaching the top of the mountain by cable car.<br/><br/>The Daimon portal welcomes us upon arrival. We are crossing this border between the human world and the spirit world. Then we walk and visit Danjo Garan, the historic center of the Shingon Buddhist sect since the 9th century, then the Kongobu-ji Temple, founded by the military dictator Hideyoshi Toyotomi, which now serves as an administrative center. <br/><br/>We finally visit Oku no In. Japan’s largest cemetery houses the mausoleum of Kobo Daishi and 200,000 graves of people who wanted to rest with him.<br/><br/>You will learn more about the history, culture and spirituality of Japan after this day. Are you coming? We are waiting for you!","{""guidanceTypes"":[{""id"":null,""created"":[2023,12,19,2,11,32,647959000],""guidanceType"":""GUIDED"",""languages"":[""fr"",""en"",""ja""],""displayLanguages"":[]}]}",https%3A%2F%2Fbokun.s3.amazonaws.com%2F8d89a1f3-be30-463a-87d5-ae9467ea8887.jpg,,,,
843564,Full-Day Private Guided Tour to Himeji and Kobe,"Come with us to visit Himeji Castle and the city of Kobe in one day on foot and by public transport!<br/><br/>This tour begins with a visit to Himeji Castle. Here we have one of the 12 authentic Japanese castles. The keep dates from 1618. The ensemble offers us a glimpse of Japan's feudal past. We have a great history lesson!<br/><br/>Then we go to Kobe. Mountain and sea meet proudly. We discover downtown Sannomiya, Nankinmachi Chinatown, and finally the port, with Harborland. Kobe is a pretty modern city. It is full of contrasts and charm. You're bound to like it.<br/><br/>After this day, you will learn more about the History of Japan! You will also have had plenty in your eyes of the dynamism of Kobe. Are you coming? We are waiting for you!","{""guidanceTypes"":[{""id"":null,""created"":[2023,12,21,0,12,46,635366000],""guidanceType"":""GUIDED"",""languages"":[""fr"",""en"",""ja""],""displayLanguages"":[]}]}",https%3A%2F%2Fbokun.s3.amazonaws.com%2F95d0ef9b-9f2b-420f-9a88-397c24745322.jpg,,,,
845211,Half-Day Private Guided Tour to Himeji Castle,"Come with us to discover the rich history of Himeji Castle on a half-day private tour by public transport and on foot!<br/><br/>We meet at Shin-Osaka or Kyoto station and then take a super rapid service on the JR Tokaido-Sanyo local line to Himeji. The guide can tell you about the Keihanshin Metropolis along the way and we see all the diverse and varied landscapes. How exciting!<br/><br/>We then visit the famous Himeji Castle, one of the 12 castles still intact and authentic in Japan. Himeji Castle dates from 1346. It is a symbol of Japan's feudal past, and you can explore its keep as it was in 1618. Your passionate guide, expert in Japanese history, or even licensed, will share with you fascinating information about the history of the castle and the ancient political landscape of Japan.<br/><br/>Enjoy a perfect blend of history, culture and stunning architecture in this unique immersion! Are you coming? We are waiting for you!","{""guidanceTypes"":[{""id"":null,""created"":[2024,2,23,10,44,42,769776000],""guidanceType"":""GUIDED"",""languages"":[""fr"",""en"",""ja""],""displayLanguages"":[]}]}",https%3A%2F%2Fbokun.s3.amazonaws.com%2F80bcab9c-7241-440f-a471-68f6fb35c261.jpg,34.7024854,135.4959506,530-0001,JP
845212,Half-Day Private Guided Tour to Historical Kyoto,"Come with us to discover Kyoto through a half-day tour dedicated to the city’s political history!<br/><br/>This walking and public transport tour begins with the Imperial Palace in Kyoto, the residence of the emperors until 1868. We dive into centuries of imperial history. It's exciting!<br/><br/>We then visit Nijo Castle, symbol of the reign of the samurai and the Tokugawa clan from the 17th to the mid-19th century. Its “nightingale floor” and beautiful gardens will be there to delight you.<br/><br/>After this half day, you will learn more about the history of Kyoto and Japan. You will also be amazed by very pretty and imposing monuments. Are you coming? We are waiting for you!","{""guidanceTypes"":[{""id"":null,""created"":[2024,2,23,10,44,53,159309000],""guidanceType"":""GUIDED"",""languages"":[""fr"",""en"",""ja""],""displayLanguages"":[]}]}",https%3A%2F%2Fbokun.s3.amazonaws.com%2Fb604eff3-6339-44b2-9365-1445952a6943.jpg,35.0175613,135.7612205,602-0881,JP
845213,"4-Hour Private Guided Tour to Nara Imperial Palace
","Come with us to discover the fascinating history of Nara and its imperial palace on this 4-hour tour!<br/><br/>We will start by visiting the Fukugen Kentoshi-sen, a replica of the boat used for the Japanese embassy in China in the 8th century. Then we will go to the Heijokyu Izanaikan Museum, which offers a glimpse of the time, then we will discover the Suzakumon Gate, historical entrance to the Imperial Palace.<br/><br/>The Information Center for the Reconstruction Project of the Old Imperial Audience Hall, and the Heijo Palace Museum are the next steps. These two buildings delve into the imperial history of Nara. We will also visit the replica of the former Imperial Audience Hall and the palace site museum, with its artifacts and architecture.<br/><br/>We will finally relax in the East Garden of the Palace, Japanese garden in the heart of the Imperial Palace.<br/><br/>Soak up the history of ancient Japan—book now and join us. Are you coming? We are waiting for you!","{""guidanceTypes"":[{""id"":null,""created"":[2024,2,23,10,45,2,642404000],""guidanceType"":""GUIDED"",""languages"":[""fr"",""en"",""ja""],""displayLanguages"":[]}]}",https%3A%2F%2Fbokun.s3.amazonaws.com%2F09f1d9e4-9972-4d89-9533-c0b81f7cbac6.jpg,34.6934884,135.7825535,631-0823,JP
852933,Hiroshima Private Guided Tour from Osaka or Kyoto,"Come with us to visit Hiroshima during one day by Shinkansen, by public transport, and then on foot!<br/><br/>We will start from Osaka or Kyoto to visit the Hiroshima Atomic Bomb Dome and the Peace Memorial. You will have moving sites, and you will be able to reflect deeply on the consequences of the Second World War. This will strengthen our commitment to peace.<br/><br/>We will then depart for Miyajima Island, famous for its Shinto Itsukushima Shrine and for its iconic torii gate on the sea. Let’s feel together the calm and serenity of the place, with its free-ranging Shika deer and abundant surrounding nature.<br/><br/>On this day with your expert guide in Japanese history, you will discover Japan’s recent and distant history and its long road to peace. You will have a day rich in history, reflection and nature. Are you coming? We are waiting for you!","{""guidanceTypes"":[{""id"":null,""created"":[2024,3,20,6,39,42,326288000],""guidanceType"":""GUIDED"",""languages"":[""fr"",""en"",""ja""],""displayLanguages"":[]}]}",https%3A%2F%2Fbokun.s3.amazonaws.com%2F5b00eb09-7a78-42c7-8730-9d05678faa21.jpg,34.992907,135.750821,600-8216,JP
868417,4-Hour Private Guided Tour to Kyoto Silver Pavilion,"Come with us to visit the Silver Pavilion and its surroundings on foot for half a day!<br/><br/>We start by walking along the Suirokaku Viaduct. We have here one of the symbols of the opening up and modernization of Japan in the 19th century. The hand of man has joined nature.<br/><br/>We visit the Nanzen-ji Buddhist temple, a few steps away. This magnificent 13th century Buddhist temple with its peaceful peaceful Zen garden is ideal for rejuvenating.<br/><br/>We then take the picturesque Path of Philosophy, prized by the philosopher Kitarô Nishida, our link Nanzen-ji to the Silver Pavilion.<br/><br/>We finally arrive at the Silver Pavilion, a 15th century temple famous for its simplicity, architecture, Zen garden and breathtaking views of the city.<br/><br/>You will have a perfect mix of history, tranquility and natural beauty. Don't miss this unforgettable experience. Are you coming? We are waiting for you!","{""guidanceTypes"":[{""id"":null,""created"":[2024,5,8,21,19,28,981902000],""guidanceType"":""GUIDED"",""languages"":[""fr"",""en"",""ja""],""displayLanguages"":[]}]}",https%3A%2F%2Fbokun.s3.amazonaws.com%2F396f619c-e8b4-456c-add6-2908ca800f68.jpg,35.0082071,135.7901846,605-0044,JP
906662,"Full-Day Private Guided Tour to Mount Hiei (Enryaku-ji)

","Come with us to visit Enryaku-ji Temple on foot and by public transport.<br/><br/>This temple is a UNESCO World Heritage Site, and is perched on Mount Hiei between the cities of Kyoto and Otsu. Have a nice trip in perspective!We visit precisely the East Pagoda area, which consists of the main pavilions of the complex, including the Konpon Chudo, nerve center and historical of the complex.<br/><br/>We are surrounded by nature and we can recharge our batteries. A good breath of fresh air.<br/><br/>Your guide, passionate, specialist in Japanese History, even certified, guides you through this place and explains everything about the History of these places.<br/><br/>This area dates from the late 8th century. It played an important role in the Japanese Civil War (the time of the warring provinces between 1467 and 1615). It is also a unique opportunity for you to learn more about Japanese history and Buddhism in nature and in the mountains. Are you coming? We are waiting for you!","{""guidanceTypes"":[{""id"":null,""created"":[2024,8,30,0,34,54,882904856],""guidanceType"":""GUIDED"",""languages"":[""fr"",""en"",""ja""],""displayLanguages"":[]}]}",https%3A%2F%2Fbokun.s3.amazonaws.com%2F15afaf4f-bcb4-4f34-950d-728d585f7e82.jpg,34.985849,135.7587667,600-8216,JP
916460,Half-Day Private Guided Tour to Fushimi Inari Taisha,"Come with us for a half-day guided tour of the great Shinto Shrine Fushimi Inari!<br/><br/>Meet us at Keihan station in Fushimi-Inari or JR station in Inari to climb Mount Inari. The opportunity for you to discover this world famous sanctuary and its history!<br/><br/>Your guide is passionate, expert in Japanese history, or even certified. It accompanies you and explains everything about this sacred place founded in the eighth century. To us the mountain! We're going up. We explore the 10,000 torii, Shinto gates, along the way. We also admire the generous nature of the surroundings. We're full of them!<br/><br/>After this day, you will learn more about the religious history of Japan. You will also recharge your batteries with nature, the clean mountain air and the beautiful panoramic view of Kyoto. Are you coming? We are waiting for you!","{""guidanceTypes"":[{""id"":null,""created"":[2024,9,21,4,30,51,142966772],""guidanceType"":""GUIDED"",""languages"":[""fr"",""en"",""ja""],""displayLanguages"":[]}]}",https%3A%2F%2Fbokun.s3.amazonaws.com%2F9d3e1d9c-c1de-4b09-902f-29b5047e290c.jpg,34.9687187,135.7693455,612-0012,JP
968914,"Full-Day Private Guided Tour to Yoshino, Japanese Mountain","Come with us to visit Yoshino Town during a one-day private guided tour on foot and by public transport!<br/><br/>It is an opportunity for us to visit a town in the Japanese countryside and breathe the clean mountain air, especially during the cherry blossom season in early-mid April. The landscape is beautiful and not to be missed, especially if you visit Japan during this time.<br/><br/>The day consists of a hike from the top of the mountain to its foot. We pass through several stages, all parts of the UNESCO World Heritage under the Sacred Sites and Pilgrimage Routes in the Kii Mountains. We have nature as far as our eyes can see, and historic sites from the 9th and 14th centuries.<br/><br/>After this day, you will be amazed by these beautiful landscapes of Japanese nature. You will also learn more about the history of Japan. Are you coming? We are waiting for you!","{""guidanceTypes"":[{""id"":null,""created"":[2023,12,19,4,57,37,725187000],""guidanceType"":""GUIDED"",""languages"":[""fr"",""en"",""ja""],""displayLanguages"":[]}]}",https%3A%2F%2Fbokun.s3.amazonaws.com%2Fa3421b39-7046-47cb-b347-87e111f6546d.jpg,,,,
1002002,Half-Day Private Guided Tour to Historical Osaka,"Come with us to visit the historical Osaka with this private guided tour on foot and by public transport!<br/><br/>We start with the Great Sumiyoshi-taisha Shinto Shrine, a spiritual place with 1,800 years of history. We can admire its traditional Japanese architecture.<br/><br/>Then we go to the Shitennoji Buddhist temple, dating from 593. Here stands one of the symbols of the arrival of Buddhism in Japan, a must for history lovers.<br/><br/>After this half-day, you will be amazed with the nature and architecture of Osaka. The history of the city will have no secrets for you! Are you coming? We are waiting for you!","{""guidanceTypes"":[{""id"":null,""created"":[2025,3,28,10,41,41,995684718],""guidanceType"":""GUIDED"",""languages"":[""fr"",""en"",""ja""],""displayLanguages"":[]}]}",https%3A%2F%2Fbokun.s3.amazonaws.com%2F6cfa027f-586c-4dc0-b7e9-cbb206a7446b.jpg,34.6459037,135.5127891,545-0052,JP
1018084,Hiroshima Peace Memorial Tour from Osaka or Kyoto,"Come with us to visit the Hiroshima Peace Memorial.<br/><br/>We will start from Osaka or Kyoto to visit the Hiroshima Atomic Bomb Dome and the nearby Peace Memorial.<br/><br/>You will have moving sites, and you will be able to reflect deeply on the consequences of the Second World War. This will strengthen our commitment to peace.<br/><br/>On this day with your expert guide in Japanese history, you will discover Japan’s recent history and its long road to peace.<br/><br/>You will have a day full of history and peaceful reflection. Are you coming? We are waiting for you! ","{""guidanceTypes"":[{""id"":null,""created"":[2025,4,28,7,47,7,661756228],""guidanceType"":""GUIDED"",""languages"":[""fr"",""en"",""ja""],""displayLanguages"":[]}]}",https%3A%2F%2Fbokun.s3.amazonaws.com%2F567b09f3-8b42-4c3e-8bd2-0d4bc4e4cf1d.jpg,34.7333477,135.4994099,532-0011,JP
1022563,Private Guided Tour to Miyajima from Osaka or Kyoto,"Come with us to visit the Shinto Itsukushima-jinja Shrine for half a day!<br/><br/>We will leave Osaka or Kyoto to visit Miyajima Island, famous for its Shinto shrine Itsukushima and for its torii, emblematic shinto gate inside the sea. Let’s feel together the calm and serenity of the place, with its free-ranging Shika deer and abundant surrounding nature.<br/><br/>During this half-day tour, accompanied by your expert guide in Japanese history, you will discover the medieval and religious History of Japan.You will have a day rich in history, reflection and nature. Are you coming? We are waiting for you!","{""guidanceTypes"":[{""id"":null,""created"":[2025,5,8,9,11,12,557009350],""guidanceType"":""GUIDED"",""languages"":[""fr"",""en"",""ja""],""displayLanguages"":[]}]}",https%3A%2F%2Fbokun.s3.amazonaws.com%2Feb3302bf-76a0-45c5-b3f3-8995334c1caa.jpg,34.7335716,135.4985691,,JP
1022893,Half-Day Private Guided Tour to Mount Ikoma,"Come with us to visit Mount Ikoma for half a day on foot and by public transport.<br/><br/>The culture, history and natural beauty of Japan will be there for your great pleasure!<br/><br/>We take the cute Ikoma Cable Car to reach the top of Mount Ikoma. First, we walk and visit Monzenmachi, a charming neighborhood leading to Hozanji Temple. We discover this area, from the 7th Century and this ancient temple from the 17th century, dedicated to Ganesh<br/><br/>We finish with Ikoma Skyland, an amusement park with breathtaking views of Osaka Bay and Nara’s bowl. These views are particularly magical at sunset.<br/><br/>After this half day, you will learn more about the history of Japan. You will also have had plenty in your eyes with the landscapes and panoramic views throughout the visit. Are you coming? We are waiting for you!","{""guidanceTypes"":[{""id"":null,""created"":[2025,5,9,7,45,46,531645874],""guidanceType"":""GUIDED"",""languages"":[""fr"",""en"",""ja""],""displayLanguages"":[]}]}",https%3A%2F%2Fbokun.s3.amazonaws.com%2F8ec19d0d-78cd-4123-a686-fedbb7f5cfb1.jpg,34.6924648,135.6963748,630-0257,JP
1074573,3-Hour Private Guided Tour to Lake Biwa from Kyoto,"Come with us to enjoy a half-day discovery tour of Lake Biwa, Japan's largest lake, departing from Kyoto Station. Aboard the Michigan Cruise, admire the picturesque scenery as you cruise the calm waters of Lake Biwa for an hour and a half. Explore the charming town of Otsu and be captivated by the region's natural beauty. This tour is perfect for nature and culture lovers, offering a relaxing and scenic experience.<br/><br/>- Departure from Kyoto Station for Lake Biwa<br/>- 1.5-hour cruise aboard the Michigan Cruise<br/>- Discover the town of Otsu and its landscapes<br/>- Ideal for nature and culture lovers<br/><br/>Are you coming? We're waiting for you!","{""guidanceTypes"":[{""id"":null,""created"":[2025,8,21,9,55,49,494702880],""guidanceType"":""GUIDED"",""languages"":[""fr"",""en"",""ja""],""displayLanguages"":[]}]}",https%3A%2F%2Fbokun.s3.amazonaws.com%2Ffdf3cc4b-2f1b-413d-80df-3eec878f64d4.jpg,34.985849,135.7587667,600-8216,JP
1086932,"Half-Day Private Guided Tour to Chikubushima, from Kyoto","Come discover Chikubushima Island, on Lake Biwa, on this four-hour walking and public transport tour!<br/><br/>Meet us at Kyoto Station, and off we go! Head to Imazu Port on the shores of Lake Biwa. Lake Biwa is the largest lake in Japan and the third oldest in the world. You'll be able to admire this monumental testament to the planet's geological age.<br/><br/>Then take the ferry to Chikubushima, an island in the middle of the lake. Lush flora and fauna welcome you. It's perfect for nature lovers! Then head deeper into this small island to visit the Hogon-ji Buddhist temple and the Itsukusuma Shinto shrine. You'll learn more about Japan's religious and medieval history.","{""guidanceTypes"":[{""id"":null,""created"":[2025,9,15,10,39,41,758855730],""guidanceType"":""GUIDED"",""languages"":[""fr"",""en"",""ja""],""displayLanguages"":[]}]}",https%3A%2F%2Fbokun.s3.amazonaws.com%2Fc9a89015-8d95-454c-9eb2-8d6866f3bb3a.jpg,34.985849,135.7587667,600-8216,JP