id,content_type_id
V5uKdGSz5GTwOqwsSJViK,cE4Chh9mVfGsKMMErj37C
f-5aFMBqmJ-oFRN8Owff6,1UXS_-d_lZALRk9OLtMLS
38jer59viPdIfFqgusYfR,4N7LeotimaH3NuD9r4O2f
Q9oSu_ytn3EwHoaiHMxqn,etjb7f_iCqbSYBvnWyWni
lbPmE2mxhJE3NOWXHcAJn,1mEhwFHKsRV4NI7_RFKPo
QzRHQX3fJ7uBUSqlxRhPG,oUHJs19FKZXPA9gmnN1OY
z78xTptTAUpinRtF3o0io,HgHq4dNRXs9qslwkup5h_
vgX1REy9Jz6WKyc6PYISi,W2WM_zj_MzMY8JvbkaLRu
ua1oLak3Fck9AaWvIoECp,5d8ki0cmZE8sJ5lll0mXt
riVXGQuSNS_o5kwG2GHLF,b-gaP7UMvYPf073dIbNHG
WETBncmqVPy1TBMswur7t,zX2LaeCUDhetWPMut2mOH
zk5lqz9aYiQgdzHxUb4WF,hL3HzuklXk1AK9ydQzrvJ
9ahSYh76IJpCbqAOIIx5I,4ePMnpOnLrK5o0-FWUeKk
JD_YR0z4RvMkrKrp97A8R,Pv-kmN5O1R_bXOwVUgC4Y
nKuLOr_RzPbsf6bgVA7x4,foXU1Kk1H736J1hk0Ct42
oTOrSquOzl6hxD-O3ky19,9oUAj60CPutqxP7i2nO0a
BN5_6G9Fm-3RWGlSO7IPi,4eK01S5ZXK-UB22ONc_8i
twF7GWiV8fIk_Kh3yViNK,a4TaFaqby0T3FoqU5FgrR
jbVsvJZIuAkhHCh2eUhMX,H9QQE_8vy4MI9tx7Qs-sD
Wyl3_zQ-siM1bhXjbsSnE,YZGhSCp0gF1NXCmA5kD5U
eMrkBkvcJpfNR6yC9lLne,4POhpD_UM6W9WE1nrn309
nnBGcP9oK1HXP3QRZzdvZ,3veTY7jg-KsAR8GAJVfjr
GPlXzsFyw0GQtchtMze64,Fw6NyPLIYdWGhvNteRkxJ
PhoCG0Zc9uxGxX-Iy6ys5,IMCI5OTe1ThpZGu1JMjN0
tkCdPzwNyNmDZsQiSd10Z,WUxl4p-1T8-ak5nDdIkUb
X9G8EKihqCb1FdVvUJpsd,5tZTggurIs8Qp__QzFNgK
z22UVunXL0MMdkMZqFJga,WDgCVI20WZHtFgW2W_HtD
txymbQ1gvtcImP8yh-GA8,8eu9VupUS24pP0Q75V8m_
72ylDq4__7v3m5bqOr-1f,EiKrllqhun1q5EuQ9f1LT
V8bUViP8Kfz4Ym_so6nqe,Kyz5SZmHrQ_BF81PPVCaU
EtPR00MBRCAB-U_X7Kw2B,i7OrLPLJkLI2Cvr4Yeqsa
PCJpZ0chhHLqJClosrD7w,WIMrpDcNIDk1gUYU8FH9g
pNuuhncyVBSf-sSeCXQ4G,yrP_pDOy2z8_IRbxcmPXG
ZUd1WZpulNnEk_qrs_eXl,Kh0a-clLjcUj6NRfetSOn
khxePFGH5PQ0F-EFQ3Bf5,OeFXy0SHE5tt7ZI08kcsM
I8J8Lmx-F5CUU60rTLElP,ayOAVeAPeS5mpNQoRqQlm
cFi1yKGhiZBwqSv0etKde,Djq2_iZ0tIARyx24VxNdq
i123gqJEq8MnowSySw1Yk,bMN56P-jFznC12yoVaUz_
CIiyFIh37k2YZ5DInjlEm,-bY96ChOPzsov3VP3D40q
tPjRY5OZoWF_jWlF4_Bse,Nyfn0TYWWOZ3SQnozY9U2
1sdpSrZMAfFlSEizTKfTE,4Iarxssj-Xx_L9DlUlyC2
5q7o_4PcAGdjB98-eudN_,x78ohUNMYjsVhkyLQ0-wf
9fMCgcQDwkK2Kl5fyhDvD,SDjlRef1hTHYzJC4JCvWX
WaTankpVMyT-G4Bhj6jfY,Ovzqu7KZtipfS4OKTvIwO
WZtai1WrQFwNiXVDxa1at,l0Ih2OJesqg_8MPhvlkC1
QwXgppIGMBejTFbkKqlLi,BGcN-fuoPlU2I7WGoPsGk
KkBWMUEM4gHtDIAbUki_g,GV7n3NHcZor1K9WMD4-8n
bl4pYJnRtjRyrPV_yL0F_,NxKkGgh2mh0SMtLAfmbiW
ksfBkKiBw880OqMleam-y,hLzbCihUkG8r87_-66iL0
moyQOxNr9sdZ2ED57hybj,O09eq4JQD0hgluzahmvT1
VH9igpmMkG85tjoqo2sp4,xrseL1kRWlICYAW40F5vd
sIC51ByN9jQJWxfDnSXgx,UFoSPYYEri1f_daxd3ttx
QNaZFlXUy4VZdMeozblPu,PUIMhwPj1tVM6gDYbuJSU
Cyb7gUF1sQMw7xY5aLCkY,D-a1_GmwYNublPXrdcHrz
R2m_wKK_UZONx4UD3emAq,4Q9z480Etfyaz5uZtzwCG
wI1wkbqLLFXdjQLRE-WeC,bMcv8bo-nIZ0y74qDvFjc
6mZoKaGP75QOTmzqlVBbr,fekaeo6OmprkRTpr8DZ5C
6VaJkEV-RpSw2_yHLc4UQ,0QPVKmcy9Y9yg6YGYDJ7v
uSA-wFODCOx061h57dg2I,9yPIe4KAzzj5ghpA4vBUd
fwCogENwguAXsyZS2w4zb,DgMSFd1u0Gd6-bLt_NvOG
tA9Bsg9mpQ_fvQRzKz0k4,GTHPoQEWXPUTVXJjJRLsT
pJMCFg2rOHim6DdiicbYu,z5CdhtK3vHcoTF2VTrhn5
mPc5T81rHNgIybtuvzdTk,b-oNI6Mh6Jwsqs3TwwIt0
I72FJ5R9xQ_65r7CIBPz2,r-98lgUHMkYYQLH8B3MmD
VAiwi3-LqwIHVxwDQ3Pl5,DIF70STLvqgG5d6OiT5We
scQQDh9TU-72z_Alz1Gcq,YbWQmfPxBjRMNipaSBg2w
Ams0mhSMLSsGtE8ICCoXC,2rKFChSwt0liMSyddvlQW
GYQeEDrVFl4JPgjws4Neo,VjpcYWWQi5wQXBxgPx9fg
yYR1Gov4kwxiJqWKEMGGC,47-37tZml85PuI4SLdrGN
zM3e7K3BUQ0s9ScDFCXH9,BgCaCJVvaWNZmB9E_C_fp
b16Rwy64Uw3-edIXmE2Ia,haCouNzdB1TCFFsmM21c9
DHgmd77-SpY1osfPcTW7m,PqzJfp1R0q2S68QYbDsAf
9TmNp2Jln1L3a4NNF5FW3,pIbRlwJqDpiBsAks5JgGL
tv7OgQjmq83O8PbDjPQrp,lQkhrdj-p9V4KZmh2S4KK
zDvdh1cjEOYgbQfk1zCPb,p6E48pNFQdDlsTUBf7EOD
3aJPfEfQbabrZCYHcggXq,yqgF-I0WuY2DRydgmNjvu
0SBjm0dloaU8xz0GT_5zH,Sh62R2_djeJlQDEh5iIR-
6ysoUycwuIb04V0XmUZQ5,reUgj_dm_H-ZyoFeB4ETh
4wpIn5MsbJryDiaKjlusq,DU7r6CoiGZyQDmWKGK8sX
VeQoUC42MwL21RE6lKHXT,Hcap_gXny2MW2XlEkXD7g
RwqOQZo-HeyWutAyP5wN0,VavSKmo21Hg3YC9Dpd2gu
Km4g_5wXoYt6Bq0TKVn4g,d5Gh8IycScXAG5IzoBzpN
ZIgI9PqB7yFEMY2vw9IVZ,B8ahfWNWADx7S-8dw357i
2IHtNu6PDtulpdCESIFHD,6VCKwRep8p7_qdvFJHvHT
lHf8-mpHv9QMIhi6L_VZ8,4rBmv0YMLwpEovJX01vmN
Q-T0NjLNDPZU343ts3Bph,MYoumvI_-vcdXqxFi7Hvi
2Gv2zfu2DSBvc4GbSXC1P,fsn3hfntR0D1ZFXTSgNyb
zQVRb1v-8nXeJhPgCVifJ,ct7JqyJTtiooLyEIEOpGS
xaVtdFe6soowzVFtVZW5-,f3Yj905DMullWX0H6zo2O
VWon0DBbmbSLUKCiOPBMx,5zkxp3ZK7Dgf7KFnEWqA8
1a9qNUuylLJULcPUKaRda,wjrdsew7-rFjdL-kjcDFN
lQaCRN5sd7BoTRX8ptBLh,LymdqZyHAIcY08Ged7ySb
McUO58MiSyt5YDaRxiwCR,lTMzABORJ-2oC8APjqDFr
X-6mvznBtORhfPmQLjIpc,qxFp-lBkSTrBcdxLcRN4X
dnm3w_EvhV2fBZs2coXpM,SEH3IGxTVQNVy9Ul_PZT-
55aV1GMPS4ylnu-Ebcm5W,JvkAVJzClNXY4fPammcJY