id,photo_url,type,order,content_id
6442b496-984c-4fa2-82bc-1fa12df31931,https://iisqtcrebfuqipzpdlqb.supabase.co/storage/v1/object/public/kmap-bucket/public/users/mapzamurai/japantravel/article/contents/MFDtvW-04JsLkeCD1_LTc/f9D7MDRr_k2ZUj9x859bW.webp,PHOTO,0,MFDtvW-04JsLkeCD1_LTc
5992f8e1-04b4-4d9f-b288-c0e2c1c68eba,https://iisqtcrebfuqipzpdlqb.supabase.co/storage/v1/object/public/kmap-bucket/public/users/mapzamurai/japantravel/article/contents/MFDtvW-04JsLkeCD1_LTc/f9D7MDRr_k2ZUj9x859bW.min.webp,THUMBNAIL,0,MFDtvW-04JsLkeCD1_LTc
14067428-df91-4322-b035-b0c8b390a1da,https://iisqtcrebfuqipzpdlqb.supabase.co/storage/v1/object/public/kmap-bucket/public/users/mapzamurai/japantravel/article/contents/RtKWJF2VshNEFBqHgvx8f/iZH3tcSfZedUuAPeJGMvN.webp,PHOTO,0,RtKWJF2VshNEFBqHgvx8f
1dfc6517-8027-41d7-88c3-a73e83b86c94,https://iisqtcrebfuqipzpdlqb.supabase.co/storage/v1/object/public/kmap-bucket/public/users/mapzamurai/japantravel/article/contents/RtKWJF2VshNEFBqHgvx8f/iZH3tcSfZedUuAPeJGMvN.min.webp,THUMBNAIL,0,RtKWJF2VshNEFBqHgvx8f
fa08ff14-9daf-4135-84dd-f6927b70d7e3,https://iisqtcrebfuqipzpdlqb.supabase.co/storage/v1/object/public/kmap-bucket/public/users/mapzamurai/japantravel/article/contents/o3VlAR1tD0LjUYNaVCjaG/dnPqGAwYOXqmKYp7vOecl.webp,PHOTO,0,o3VlAR1tD0LjUYNaVCjaG
586a11b4-0612-4704-b75e-2c0b0e741d0c,https://iisqtcrebfuqipzpdlqb.supabase.co/storage/v1/object/public/kmap-bucket/public/users/mapzamurai/japantravel/article/contents/o3VlAR1tD0LjUYNaVCjaG/dnPqGAwYOXqmKYp7vOecl.min.webp,THUMBNAIL,0,o3VlAR1tD0LjUYNaVCjaG
16540c0d-310b-4e9a-80ac-c8185d3fed8a,https://iisqtcrebfuqipzpdlqb.supabase.co/storage/v1/object/public/kmap-bucket/public/users/mapzamurai/japantravel/article/contents/ilUwAxfDaSat7T5XNk-5a/7kwZMjgHMhfpOmnMlE9X2.webp,PHOTO,0,ilUwAxfDaSat7T5XNk-5a
a7674239-6a2c-4b3c-a45a-b91d0ff388f9,https://iisqtcrebfuqipzpdlqb.supabase.co/storage/v1/object/public/kmap-bucket/public/users/mapzamurai/japantravel/article/contents/ilUwAxfDaSat7T5XNk-5a/7kwZMjgHMhfpOmnMlE9X2.min.webp,THUMBNAIL,0,ilUwAxfDaSat7T5XNk-5a
aa022c46-18b0-4830-a102-de243636e330,https://iisqtcrebfuqipzpdlqb.supabase.co/storage/v1/object/public/kmap-bucket/public/users/mapzamurai/japantravel/article/contents/qwjbCrJ9Unn1rZzcoftqK/eC3jzlKtS6RmJoqMj2dAK.webp,PHOTO,0,qwjbCrJ9Unn1rZzcoftqK
c5c96c99-beb4-4345-99de-4fe54de59b32,https://iisqtcrebfuqipzpdlqb.supabase.co/storage/v1/object/public/kmap-bucket/public/users/mapzamurai/japantravel/article/contents/qwjbCrJ9Unn1rZzcoftqK/eC3jzlKtS6RmJoqMj2dAK.min.webp,THUMBNAIL,0,qwjbCrJ9Unn1rZzcoftqK
40823e3b-d38d-4ca6-b67f-85dfa2e0b440,https://iisqtcrebfuqipzpdlqb.supabase.co/storage/v1/object/public/kmap-bucket/public/users/mapzamurai/japantravel/article/contents/g5VmRZr-1EpTIpm64utIY/AOD01hivFa7tmel_oWImY.webp,PHOTO,0,g5VmRZr-1EpTIpm64utIY
91b37ee3-e070-4eb2-9e01-a32cfcf63bbd,https://iisqtcrebfuqipzpdlqb.supabase.co/storage/v1/object/public/kmap-bucket/public/users/mapzamurai/japantravel/article/contents/g5VmRZr-1EpTIpm64utIY/AOD01hivFa7tmel_oWImY.min.webp,THUMBNAIL,0,g5VmRZr-1EpTIpm64utIY
15431cdb-b558-45d5-a514-b573bbcebd53,https://iisqtcrebfuqipzpdlqb.supabase.co/storage/v1/object/public/kmap-bucket/public/users/mapzamurai/japantravel/article/contents/zp-rNlp1ZWP8nIq9wsHnm/_eIblETKWcM7hJhyjNgCE.webp,PHOTO,0,zp-rNlp1ZWP8nIq9wsHnm
2d644845-24fb-4dab-96e6-b9930ccbfa36,https://iisqtcrebfuqipzpdlqb.supabase.co/storage/v1/object/public/kmap-bucket/public/users/mapzamurai/japantravel/article/contents/zp-rNlp1ZWP8nIq9wsHnm/_eIblETKWcM7hJhyjNgCE.min.webp,THUMBNAIL,0,zp-rNlp1ZWP8nIq9wsHnm
d2d784d9-fa3b-48ef-b634-276699bbd120,https://iisqtcrebfuqipzpdlqb.supabase.co/storage/v1/object/public/kmap-bucket/public/users/mapzamurai/japantravel/article/contents/_5rIH1tLRpxBn-ZYSIGlR/471Imv3bJ0RL3KRCzzrfQ.webp,PHOTO,0,_5rIH1tLRpxBn-ZYSIGlR
5215fdc0-a305-4849-a0b9-b05c66fbd38d,https://iisqtcrebfuqipzpdlqb.supabase.co/storage/v1/object/public/kmap-bucket/public/users/mapzamurai/japantravel/article/contents/_5rIH1tLRpxBn-ZYSIGlR/471Imv3bJ0RL3KRCzzrfQ.min.webp,THUMBNAIL,0,_5rIH1tLRpxBn-ZYSIGlR
22e523a3-e677-482c-8e92-29e9a39ece81,https://iisqtcrebfuqipzpdlqb.supabase.co/storage/v1/object/public/kmap-bucket/public/users/mapzamurai/japantravel/article/contents/yCInci1KQ7Pwfd3ZMvN3m/x4spKvqTDwQSHXrhEW9eQ.webp,PHOTO,0,yCInci1KQ7Pwfd3ZMvN3m
cbe67bd2-6859-4d0e-acca-ab4793ddbdd1,https://iisqtcrebfuqipzpdlqb.supabase.co/storage/v1/object/public/kmap-bucket/public/users/mapzamurai/japantravel/article/contents/yCInci1KQ7Pwfd3ZMvN3m/x4spKvqTDwQSHXrhEW9eQ.min.webp,THUMBNAIL,0,yCInci1KQ7Pwfd3ZMvN3m
0cc382ab-a648-4319-98e2-842dd396c052,https://iisqtcrebfuqipzpdlqb.supabase.co/storage/v1/object/public/kmap-bucket/public/users/mapzamurai/japantravel/article/contents/yD1PwkmMNMwgW0gLv23pI/TFUt9suNi-g5gcPRKPPby.webp,PHOTO,0,yD1PwkmMNMwgW0gLv23pI
9c5ad4d8-87fc-48c9-951f-69f8efd3d2cc,https://iisqtcrebfuqipzpdlqb.supabase.co/storage/v1/object/public/kmap-bucket/public/users/mapzamurai/japantravel/article/contents/yD1PwkmMNMwgW0gLv23pI/TFUt9suNi-g5gcPRKPPby.min.webp,THUMBNAIL,0,yD1PwkmMNMwgW0gLv23pI
92386935-6925-4640-a608-a59bedd84819,https://iisqtcrebfuqipzpdlqb.supabase.co/storage/v1/object/public/kmap-bucket/public/users/mapzamurai/japantravel/article/contents/WgjpkKMbkiaXugCuyZz1d/ePNnlQGvLOQC8JEtaIy78.webp,PHOTO,0,WgjpkKMbkiaXugCuyZz1d
a3f71ca2-2757-488e-be51-fe6e358f5f73,https://iisqtcrebfuqipzpdlqb.supabase.co/storage/v1/object/public/kmap-bucket/public/users/mapzamurai/japantravel/article/contents/WgjpkKMbkiaXugCuyZz1d/ePNnlQGvLOQC8JEtaIy78.min.webp,THUMBNAIL,0,WgjpkKMbkiaXugCuyZz1d
0feb418d-c1cc-4f98-b6c9-7b100dc1857e,https://iisqtcrebfuqipzpdlqb.supabase.co/storage/v1/object/public/kmap-bucket/public/users/mapzamurai/japantravel/article/contents/HtTQo3pyX7fLYIK4TjskZ/pOYqOjyQ4NrgF8eU6bI_F.webp,PHOTO,0,HtTQo3pyX7fLYIK4TjskZ
d9b7d3a5-6521-48b5-b618-69f0c89b4345,https://iisqtcrebfuqipzpdlqb.supabase.co/storage/v1/object/public/kmap-bucket/public/users/mapzamurai/japantravel/article/contents/HtTQo3pyX7fLYIK4TjskZ/pOYqOjyQ4NrgF8eU6bI_F.min.webp,THUMBNAIL,0,HtTQo3pyX7fLYIK4TjskZ
c374742a-4b42-4844-8dfd-61156e061c43,https://iisqtcrebfuqipzpdlqb.supabase.co/storage/v1/object/public/kmap-bucket/public/users/mapzamurai/japantravel/article/contents/E9rULpY-CmwP8Ar6dQp4r/l95NDC9PEXlrVFvKmF9ql.webp,PHOTO,0,E9rULpY-CmwP8Ar6dQp4r
3ade8b9e-af5f-41a9-b55a-169a33f4de31,https://iisqtcrebfuqipzpdlqb.supabase.co/storage/v1/object/public/kmap-bucket/public/users/mapzamurai/japantravel/article/contents/E9rULpY-CmwP8Ar6dQp4r/l95NDC9PEXlrVFvKmF9ql.min.webp,THUMBNAIL,0,E9rULpY-CmwP8Ar6dQp4r
cfb3ed1a-944a-41cd-bab7-b176a12af6ba,https://iisqtcrebfuqipzpdlqb.supabase.co/storage/v1/object/public/kmap-bucket/public/users/mapzamurai/japantravel/article/contents/w7b6RFO9IbCgq8eMdhBHC/mZeO1-bqlIzdWadY57dq8.webp,PHOTO,0,w7b6RFO9IbCgq8eMdhBHC
a1e9cc79-c158-48db-a7d1-e8886d0904b5,https://iisqtcrebfuqipzpdlqb.supabase.co/storage/v1/object/public/kmap-bucket/public/users/mapzamurai/japantravel/article/contents/w7b6RFO9IbCgq8eMdhBHC/mZeO1-bqlIzdWadY57dq8.min.webp,THUMBNAIL,0,w7b6RFO9IbCgq8eMdhBHC
ca17b1c6-b55f-44bf-b925-72ecc67e6943,https://iisqtcrebfuqipzpdlqb.supabase.co/storage/v1/object/public/kmap-bucket/public/users/mapzamurai/japantravel/article/contents/ojmVtW3366MnGgVFFcZrC/uA7spAdQ-xQ5GOcoTO8WL.webp,PHOTO,0,ojmVtW3366MnGgVFFcZrC
13380aba-5a87-460d-9f58-193cc1a45293,https://iisqtcrebfuqipzpdlqb.supabase.co/storage/v1/object/public/kmap-bucket/public/users/mapzamurai/japantravel/article/contents/ojmVtW3366MnGgVFFcZrC/uA7spAdQ-xQ5GOcoTO8WL.min.webp,THUMBNAIL,0,ojmVtW3366MnGgVFFcZrC
ddea49af-b96b-4292-8930-3829db952109,https://iisqtcrebfuqipzpdlqb.supabase.co/storage/v1/object/public/kmap-bucket/public/users/mapzamurai/japantravel/article/contents/cGRjsxky9EsZBZDu2ru4B/VkvGeB5tXNLfFg7m2Zp3p.webp,PHOTO,0,cGRjsxky9EsZBZDu2ru4B
10c55fcd-c627-4246-8bf7-deb2c2dda5a2,https://iisqtcrebfuqipzpdlqb.supabase.co/storage/v1/object/public/kmap-bucket/public/users/mapzamurai/japantravel/article/contents/cGRjsxky9EsZBZDu2ru4B/VkvGeB5tXNLfFg7m2Zp3p.min.webp,THUMBNAIL,0,cGRjsxky9EsZBZDu2ru4B
bb00571e-8e38-4cfa-a8bd-473cfe8a9154,https://iisqtcrebfuqipzpdlqb.supabase.co/storage/v1/object/public/kmap-bucket/public/users/mapzamurai/japantravel/article/contents/7PtLF5sv5WUyY_uQLJ8jC/NqKwOLYDBWjTFUlQoebWj.webp,PHOTO,0,7PtLF5sv5WUyY_uQLJ8jC
281a4f79-c625-4a25-86dd-203a7d1c3114,https://iisqtcrebfuqipzpdlqb.supabase.co/storage/v1/object/public/kmap-bucket/public/users/mapzamurai/japantravel/article/contents/7PtLF5sv5WUyY_uQLJ8jC/NqKwOLYDBWjTFUlQoebWj.min.webp,THUMBNAIL,0,7PtLF5sv5WUyY_uQLJ8jC
89cd3b28-d248-4128-ae15-43fa0faeaac3,https://iisqtcrebfuqipzpdlqb.supabase.co/storage/v1/object/public/kmap-bucket/public/users/mapzamurai/japantravel/article/contents/mqHx7bkZ3skWx8seeRcgQ/iqGAIhAqj8GsOpQmGa7w3.webp,PHOTO,0,mqHx7bkZ3skWx8seeRcgQ
c4673086-eb21-475b-81bc-3b8295229f00,https://iisqtcrebfuqipzpdlqb.supabase.co/storage/v1/object/public/kmap-bucket/public/users/mapzamurai/japantravel/article/contents/mqHx7bkZ3skWx8seeRcgQ/iqGAIhAqj8GsOpQmGa7w3.min.webp,THUMBNAIL,0,mqHx7bkZ3skWx8seeRcgQ
768baa83-2ad6-423d-8af2-914f657ee0e1,https://iisqtcrebfuqipzpdlqb.supabase.co/storage/v1/object/public/kmap-bucket/public/users/mapzamurai/japantravel/article/contents/AlvPxhbDH-b9PfLPznpaI/gQLZCo6YROLPl-LgzpG-8.webp,PHOTO,0,AlvPxhbDH-b9PfLPznpaI
91ab5463-6602-4265-be26-e3445c6cb3b9,https://iisqtcrebfuqipzpdlqb.supabase.co/storage/v1/object/public/kmap-bucket/public/users/mapzamurai/japantravel/article/contents/AlvPxhbDH-b9PfLPznpaI/gQLZCo6YROLPl-LgzpG-8.min.webp,THUMBNAIL,0,AlvPxhbDH-b9PfLPznpaI
3a1aa4fe-be37-420b-8b0d-2c3149938daa,https://iisqtcrebfuqipzpdlqb.supabase.co/storage/v1/object/public/kmap-bucket/public/users/mapzamurai/japantravel/article/contents/8RvcJBJNrnxJOtr5SY2lH/sR7N-WtfLnzvU75kqPSPo.webp,PHOTO,0,8RvcJBJNrnxJOtr5SY2lH
161ed0e6-db0f-44cd-b48f-710b67654b36,https://iisqtcrebfuqipzpdlqb.supabase.co/storage/v1/object/public/kmap-bucket/public/users/mapzamurai/japantravel/article/contents/8RvcJBJNrnxJOtr5SY2lH/sR7N-WtfLnzvU75kqPSPo.min.webp,THUMBNAIL,0,8RvcJBJNrnxJOtr5SY2lH
9f59da7f-7ffc-41cf-b878-35886be02fe6,https://iisqtcrebfuqipzpdlqb.supabase.co/storage/v1/object/public/kmap-bucket/public/users/mapzamurai/japantravel/article/contents/hNyF2BQ5mm-GCcoxEI-EM/OBiFXrgP3a69T4ROuEm-x.webp,PHOTO,0,hNyF2BQ5mm-GCcoxEI-EM
e2d74f2b-1081-4003-9768-69bae0fdba95,https://iisqtcrebfuqipzpdlqb.supabase.co/storage/v1/object/public/kmap-bucket/public/users/mapzamurai/japantravel/article/contents/hNyF2BQ5mm-GCcoxEI-EM/OBiFXrgP3a69T4ROuEm-x.min.webp,THUMBNAIL,0,hNyF2BQ5mm-GCcoxEI-EM
da5e566e-ceaf-4492-bc5d-f232bb825264,https://iisqtcrebfuqipzpdlqb.supabase.co/storage/v1/object/public/kmap-bucket/public/users/mapzamurai/japantravel/article/contents/eU0PZ5FRfk7aUb1ZYOvoK/_1WV_bZi5ULsx7fImyKQI.webp,PHOTO,0,eU0PZ5FRfk7aUb1ZYOvoK
7e1ac12f-2f4b-44d5-9a0a-26567ae7248f,https://iisqtcrebfuqipzpdlqb.supabase.co/storage/v1/object/public/kmap-bucket/public/users/mapzamurai/japantravel/article/contents/eU0PZ5FRfk7aUb1ZYOvoK/_1WV_bZi5ULsx7fImyKQI.min.webp,THUMBNAIL,0,eU0PZ5FRfk7aUb1ZYOvoK
a9dad586-6e1d-4c22-9452-e5cfa35df629,https://iisqtcrebfuqipzpdlqb.supabase.co/storage/v1/object/public/kmap-bucket/public/users/mapzamurai/japantravel/article/contents/tFfs4D7l4VTwWN5Ho0j97/MP7Xu-5UkvmzGzUySKpkk.webp,PHOTO,0,tFfs4D7l4VTwWN5Ho0j97
3c063654-a213-480f-8e87-63eb5dfc7f4e,https://iisqtcrebfuqipzpdlqb.supabase.co/storage/v1/object/public/kmap-bucket/public/users/mapzamurai/japantravel/article/contents/tFfs4D7l4VTwWN5Ho0j97/MP7Xu-5UkvmzGzUySKpkk.min.webp,THUMBNAIL,0,tFfs4D7l4VTwWN5Ho0j97
7b710fec-85cc-4eb2-8cd4-acb6c17fe515,https://iisqtcrebfuqipzpdlqb.supabase.co/storage/v1/object/public/kmap-bucket/public/users/mapzamurai/japantravel/article/contents/xdxYawmftfuJwI9FWkmwF/hQKhIG0BZ03-7VkPGIStd.webp,PHOTO,0,xdxYawmftfuJwI9FWkmwF
2a0ff078-2c36-4dcb-89bf-5d1630d11551,https://iisqtcrebfuqipzpdlqb.supabase.co/storage/v1/object/public/kmap-bucket/public/users/mapzamurai/japantravel/article/contents/xdxYawmftfuJwI9FWkmwF/hQKhIG0BZ03-7VkPGIStd.min.webp,THUMBNAIL,0,xdxYawmftfuJwI9FWkmwF
7b7c99aa-c1dc-428d-a0ad-ae7ed070627e,https://iisqtcrebfuqipzpdlqb.supabase.co/storage/v1/object/public/kmap-bucket/public/users/mapzamurai/japantravel/article/contents/1ioYwXwedwQ9BwVSmcfY5/xsTNakmfURWT1S4DKiKpI.webp,PHOTO,0,1ioYwXwedwQ9BwVSmcfY5
bc2df83e-6627-403e-996e-96e84852574e,https://iisqtcrebfuqipzpdlqb.supabase.co/storage/v1/object/public/kmap-bucket/public/users/mapzamurai/japantravel/article/contents/1ioYwXwedwQ9BwVSmcfY5/xsTNakmfURWT1S4DKiKpI.min.webp,THUMBNAIL,0,1ioYwXwedwQ9BwVSmcfY5
66258e64-96be-4672-9053-9a0efa8e8c11,https://iisqtcrebfuqipzpdlqb.supabase.co/storage/v1/object/public/kmap-bucket/public/users/mapzamurai/japantravel/article/contents/gyZ2UqxNcGzFBBhBujmtk/HlGwKibD17fq85Bmb4oC9.webp,PHOTO,0,gyZ2UqxNcGzFBBhBujmtk
99daa7f7-f11c-44e8-90bd-184cac1ccae4,https://iisqtcrebfuqipzpdlqb.supabase.co/storage/v1/object/public/kmap-bucket/public/users/mapzamurai/japantravel/article/contents/gyZ2UqxNcGzFBBhBujmtk/HlGwKibD17fq85Bmb4oC9.min.webp,THUMBNAIL,0,gyZ2UqxNcGzFBBhBujmtk
ffac2755-b071-497c-b6c8-6c8b3fd95295,https://iisqtcrebfuqipzpdlqb.supabase.co/storage/v1/object/public/kmap-bucket/public/users/mapzamurai/japantravel/article/contents/OrEULw9HhQB6G8vWGW2PZ/KWfAVW7lVTud2RYfeN6A5.webp,PHOTO,0,OrEULw9HhQB6G8vWGW2PZ
3d2f8a0d-f543-4288-9d6b-7bcc19a4c860,https://iisqtcrebfuqipzpdlqb.supabase.co/storage/v1/object/public/kmap-bucket/public/users/mapzamurai/japantravel/article/contents/OrEULw9HhQB6G8vWGW2PZ/KWfAVW7lVTud2RYfeN6A5.min.webp,THUMBNAIL,0,OrEULw9HhQB6G8vWGW2PZ
ae15851b-2ffb-4258-bd45-28694c67b7a2,https://iisqtcrebfuqipzpdlqb.supabase.co/storage/v1/object/public/kmap-bucket/public/users/mapzamurai/japantravel/article/contents/FwwCOhVKIe750gYxX7TFl/lB1DZy9DWrpCuGAiREuVu.webp,PHOTO,0,FwwCOhVKIe750gYxX7TFl
c74e5f00-2cea-4007-b4ce-79d1e17680aa,https://iisqtcrebfuqipzpdlqb.supabase.co/storage/v1/object/public/kmap-bucket/public/users/mapzamurai/japantravel/article/contents/FwwCOhVKIe750gYxX7TFl/lB1DZy9DWrpCuGAiREuVu.min.webp,THUMBNAIL,0,FwwCOhVKIe750gYxX7TFl
e2e5b8e7-42e1-4c72-9b80-5b3839768aca,https://iisqtcrebfuqipzpdlqb.supabase.co/storage/v1/object/public/kmap-bucket/public/users/mapzamurai/japantravel/article/contents/6DCdTKlZ-N-cDQKmXahDl/FRz8cvUvFISo1lJeGFk2L.webp,PHOTO,0,6DCdTKlZ-N-cDQKmXahDl
a760fcca-3361-414c-afa9-5553b3142027,https://iisqtcrebfuqipzpdlqb.supabase.co/storage/v1/object/public/kmap-bucket/public/users/mapzamurai/japantravel/article/contents/6DCdTKlZ-N-cDQKmXahDl/FRz8cvUvFISo1lJeGFk2L.min.webp,THUMBNAIL,0,6DCdTKlZ-N-cDQKmXahDl
dfb5eaf9-a16d-4bc9-9901-dd59e44a87f8,https://iisqtcrebfuqipzpdlqb.supabase.co/storage/v1/object/public/kmap-bucket/public/users/mapzamurai/japantravel/article/contents/leFeYPt3Eq4dZpxI1t4Ga/r1EL6I7FnppgxGDdYZb4D.webp,PHOTO,0,leFeYPt3Eq4dZpxI1t4Ga
53277f8c-3e94-41c7-8704-9e9b60a69ffc,https://iisqtcrebfuqipzpdlqb.supabase.co/storage/v1/object/public/kmap-bucket/public/users/mapzamurai/japantravel/article/contents/leFeYPt3Eq4dZpxI1t4Ga/r1EL6I7FnppgxGDdYZb4D.min.webp,THUMBNAIL,0,leFeYPt3Eq4dZpxI1t4Ga
65e605c0-5dfb-4665-ab65-c6240e6aeff6,https://iisqtcrebfuqipzpdlqb.supabase.co/storage/v1/object/public/kmap-bucket/public/users/mapzamurai/japantravel/article/contents/yJ7mSXAi_21L3eXke3sZW/WnCwXatcKNH-VHUTo0kQZ.webp,PHOTO,0,yJ7mSXAi_21L3eXke3sZW
2a573ffa-e0d5-4e31-884e-f4e4893bfc78,https://iisqtcrebfuqipzpdlqb.supabase.co/storage/v1/object/public/kmap-bucket/public/users/mapzamurai/japantravel/article/contents/yJ7mSXAi_21L3eXke3sZW/WnCwXatcKNH-VHUTo0kQZ.min.webp,THUMBNAIL,0,yJ7mSXAi_21L3eXke3sZW
5920863e-bfaf-4772-b36f-cbe5a61afd5c,https://iisqtcrebfuqipzpdlqb.supabase.co/storage/v1/object/public/kmap-bucket/public/users/mapzamurai/japantravel/article/contents/zh-qHzWfMbOd4zUCYzB_c/WaVRLnAgM8m7D4BDElNEp.webp,PHOTO,0,zh-qHzWfMbOd4zUCYzB_c
b5a18c89-fa2d-4dcc-a300-c63820be41b6,https://iisqtcrebfuqipzpdlqb.supabase.co/storage/v1/object/public/kmap-bucket/public/users/mapzamurai/japantravel/article/contents/zh-qHzWfMbOd4zUCYzB_c/WaVRLnAgM8m7D4BDElNEp.min.webp,THUMBNAIL,0,zh-qHzWfMbOd4zUCYzB_c
d081df4b-bb2f-4811-8191-04cf957a966f,https://iisqtcrebfuqipzpdlqb.supabase.co/storage/v1/object/public/kmap-bucket/public/users/mapzamurai/japantravel/article/contents/H2ICjRG35pROORB2Exim2/nj9IFLPVajsx-M0063Vk8.webp,PHOTO,0,H2ICjRG35pROORB2Exim2
f6e0613d-7da6-4d5b-b7a2-3684d3d42914,https://iisqtcrebfuqipzpdlqb.supabase.co/storage/v1/object/public/kmap-bucket/public/users/mapzamurai/japantravel/article/contents/H2ICjRG35pROORB2Exim2/nj9IFLPVajsx-M0063Vk8.min.webp,THUMBNAIL,0,H2ICjRG35pROORB2Exim2
5b8c99c9-a31c-4e0d-a903-c0c867ab5d15,https://iisqtcrebfuqipzpdlqb.supabase.co/storage/v1/object/public/kmap-bucket/public/users/mapzamurai/japantravel/article/contents/Dk74ZMwsYNUocbGhC9WcM/VuQzo5pMQCcG30bW3glMH.webp,PHOTO,0,Dk74ZMwsYNUocbGhC9WcM
1bb3f56c-6e8a-4224-aacb-d2b95d9811da,https://iisqtcrebfuqipzpdlqb.supabase.co/storage/v1/object/public/kmap-bucket/public/users/mapzamurai/japantravel/article/contents/Dk74ZMwsYNUocbGhC9WcM/VuQzo5pMQCcG30bW3glMH.min.webp,THUMBNAIL,0,Dk74ZMwsYNUocbGhC9WcM
c0db8b75-d47c-4d74-8a1f-56757f81ddea,https://iisqtcrebfuqipzpdlqb.supabase.co/storage/v1/object/public/kmap-bucket/public/users/mapzamurai/japantravel/article/contents/EvZ287EMAlePxnZTQ0cvQ/41qKeYfOegQa34qXLWQC2.webp,PHOTO,0,EvZ287EMAlePxnZTQ0cvQ
34358df9-ae68-4047-b36b-9f874b192ace,https://iisqtcrebfuqipzpdlqb.supabase.co/storage/v1/object/public/kmap-bucket/public/users/mapzamurai/japantravel/article/contents/EvZ287EMAlePxnZTQ0cvQ/41qKeYfOegQa34qXLWQC2.min.webp,THUMBNAIL,0,EvZ287EMAlePxnZTQ0cvQ
f10818a4-70fa-4330-a815-b182dde3722f,https://iisqtcrebfuqipzpdlqb.supabase.co/storage/v1/object/public/kmap-bucket/public/users/mapzamurai/japantravel/article/contents/o5hdvY_x_sl4jcOQ1ezcK/3mJuqw-InUTVzp1WJ1Z0e.webp,PHOTO,0,o5hdvY_x_sl4jcOQ1ezcK
95c9b532-8dec-475c-a054-f386a8282ee2,https://iisqtcrebfuqipzpdlqb.supabase.co/storage/v1/object/public/kmap-bucket/public/users/mapzamurai/japantravel/article/contents/o5hdvY_x_sl4jcOQ1ezcK/3mJuqw-InUTVzp1WJ1Z0e.min.webp,THUMBNAIL,0,o5hdvY_x_sl4jcOQ1ezcK
f2a4b42d-22bc-4d9f-b39c-9c03e282e08a,https://iisqtcrebfuqipzpdlqb.supabase.co/storage/v1/object/public/kmap-bucket/public/users/mapzamurai/japantravel/article/contents/pmtQ0JGnc6Ged-TZfC9O-/zjIzuvv48qRJLdBqH1uQe.webp,PHOTO,0,pmtQ0JGnc6Ged-TZfC9O-
c7ae4d27-8d07-44f9-9d37-191267e43ad8,https://iisqtcrebfuqipzpdlqb.supabase.co/storage/v1/object/public/kmap-bucket/public/users/mapzamurai/japantravel/article/contents/pmtQ0JGnc6Ged-TZfC9O-/zjIzuvv48qRJLdBqH1uQe.min.webp,THUMBNAIL,0,pmtQ0JGnc6Ged-TZfC9O-
93c5e418-11f9-474f-bcc4-e42014908166,https://iisqtcrebfuqipzpdlqb.supabase.co/storage/v1/object/public/kmap-bucket/public/users/mapzamurai/japantravel/article/contents/RNbBgRKE-9bUxqv300-7S/WrLz03w0kzipCTXs8-bkz.webp,PHOTO,0,RNbBgRKE-9bUxqv300-7S
329f6404-3a4a-4ea0-95bf-36734e2fbae0,https://iisqtcrebfuqipzpdlqb.supabase.co/storage/v1/object/public/kmap-bucket/public/users/mapzamurai/japantravel/article/contents/RNbBgRKE-9bUxqv300-7S/WrLz03w0kzipCTXs8-bkz.min.webp,THUMBNAIL,0,RNbBgRKE-9bUxqv300-7S
229021e4-158a-4530-8b98-f119b7b61356,https://iisqtcrebfuqipzpdlqb.supabase.co/storage/v1/object/public/kmap-bucket/public/users/mapzamurai/japantravel/article/contents/dqgMt_xYZsZLFvYV9idoF/VzwTc1HHB-7gUPhcP35pR.webp,PHOTO,0,dqgMt_xYZsZLFvYV9idoF
94fd440a-960c-40ae-9594-ca85ce1be13f,https://iisqtcrebfuqipzpdlqb.supabase.co/storage/v1/object/public/kmap-bucket/public/users/mapzamurai/japantravel/article/contents/dqgMt_xYZsZLFvYV9idoF/VzwTc1HHB-7gUPhcP35pR.min.webp,THUMBNAIL,0,dqgMt_xYZsZLFvYV9idoF
fe0e0288-9e97-4422-ac19-4327e18f0a59,https://iisqtcrebfuqipzpdlqb.supabase.co/storage/v1/object/public/kmap-bucket/public/users/mapzamurai/japantravel/article/contents/0SnxMfgS1FKO8HeKUtXfp/mDk45lvDNYv8PUn7ZDV0K.webp,PHOTO,0,0SnxMfgS1FKO8HeKUtXfp
d0bea73e-2b45-4472-a7ca-b3a5d51dda5e,https://iisqtcrebfuqipzpdlqb.supabase.co/storage/v1/object/public/kmap-bucket/public/users/mapzamurai/japantravel/article/contents/0SnxMfgS1FKO8HeKUtXfp/mDk45lvDNYv8PUn7ZDV0K.min.webp,THUMBNAIL,0,0SnxMfgS1FKO8HeKUtXfp
031a3be9-d988-49a1-9780-70ca45847976,https://iisqtcrebfuqipzpdlqb.supabase.co/storage/v1/object/public/kmap-bucket/public/users/mapzamurai/japantravel/article/contents/KnN_PUvWRYSVAEbxBDZVq/O21T0HZBXjSxvMjIJKqoK.webp,PHOTO,0,KnN_PUvWRYSVAEbxBDZVq
5749e405-91f8-4ec7-b03c-24ba3cbb2f22,https://iisqtcrebfuqipzpdlqb.supabase.co/storage/v1/object/public/kmap-bucket/public/users/mapzamurai/japantravel/article/contents/KnN_PUvWRYSVAEbxBDZVq/O21T0HZBXjSxvMjIJKqoK.min.webp,THUMBNAIL,0,KnN_PUvWRYSVAEbxBDZVq
68d30937-55f1-4dab-9b61-0082fbfa41d2,https://iisqtcrebfuqipzpdlqb.supabase.co/storage/v1/object/public/kmap-bucket/public/users/mapzamurai/japantravel/article/contents/aAIvUZkC7o4hd9CPzpYin/lS_da1-WlWqY5mWDpb7Md.webp,PHOTO,0,aAIvUZkC7o4hd9CPzpYin
e2d21c23-19b5-4d6c-b891-1a16294cdaa0,https://iisqtcrebfuqipzpdlqb.supabase.co/storage/v1/object/public/kmap-bucket/public/users/mapzamurai/japantravel/article/contents/aAIvUZkC7o4hd9CPzpYin/lS_da1-WlWqY5mWDpb7Md.min.webp,THUMBNAIL,0,aAIvUZkC7o4hd9CPzpYin
5def8054-a422-4dd8-9d9e-59ee564d935c,https://iisqtcrebfuqipzpdlqb.supabase.co/storage/v1/object/public/kmap-bucket/public/users/mapzamurai/japantravel/article/contents/Iy-Ff7A_bmPzhPd4-fRy4/HERsHOql-RSmYZ43GRg6H.webp,PHOTO,0,Iy-Ff7A_bmPzhPd4-fRy4
32e3f34f-4a7c-4f5d-bc58-a5d39127dae7,https://iisqtcrebfuqipzpdlqb.supabase.co/storage/v1/object/public/kmap-bucket/public/users/mapzamurai/japantravel/article/contents/Iy-Ff7A_bmPzhPd4-fRy4/HERsHOql-RSmYZ43GRg6H.min.webp,THUMBNAIL,0,Iy-Ff7A_bmPzhPd4-fRy4
4e745901-b493-4faa-88d5-cbd30f65e747,https://iisqtcrebfuqipzpdlqb.supabase.co/storage/v1/object/public/kmap-bucket/public/users/mapzamurai/japantravel/article/contents/9kbBuxugG2GnyVs5yY-nm/yfnA8cQ6ddRdp7emzPbSK.webp,PHOTO,0,9kbBuxugG2GnyVs5yY-nm
de0df09e-95de-4afc-8dc9-3cd40d6f7c2f,https://iisqtcrebfuqipzpdlqb.supabase.co/storage/v1/object/public/kmap-bucket/public/users/mapzamurai/japantravel/article/contents/9kbBuxugG2GnyVs5yY-nm/yfnA8cQ6ddRdp7emzPbSK.min.webp,THUMBNAIL,0,9kbBuxugG2GnyVs5yY-nm
e61d7981-c1ed-4e21-b4a3-aa13b258e8bc,https://iisqtcrebfuqipzpdlqb.supabase.co/storage/v1/object/public/kmap-bucket/public/users/mapzamurai/japantravel/article/contents/gZqeZUcozwIkDT_0Z0wiK/0hKSQKb_tcLztGEI3j1lE.webp,PHOTO,0,gZqeZUcozwIkDT_0Z0wiK
9cf8bd0c-7661-4fc1-ac08-01fd93cef0a9,https://iisqtcrebfuqipzpdlqb.supabase.co/storage/v1/object/public/kmap-bucket/public/users/mapzamurai/japantravel/article/contents/gZqeZUcozwIkDT_0Z0wiK/0hKSQKb_tcLztGEI3j1lE.min.webp,THUMBNAIL,0,gZqeZUcozwIkDT_0Z0wiK
a5b2743b-abd2-4b6c-9e6a-55ffe6e0e22b,https://iisqtcrebfuqipzpdlqb.supabase.co/storage/v1/object/public/kmap-bucket/public/users/mapzamurai/japantravel/article/contents/JeRmZLT97NUJET9LSUIVc/je9ilJ7B53Qyiao3CSKIX.webp,PHOTO,0,JeRmZLT97NUJET9LSUIVc
7fc6f206-cc10-4223-bbc1-d5d3d7ad3495,https://iisqtcrebfuqipzpdlqb.supabase.co/storage/v1/object/public/kmap-bucket/public/users/mapzamurai/japantravel/article/contents/JeRmZLT97NUJET9LSUIVc/je9ilJ7B53Qyiao3CSKIX.min.webp,THUMBNAIL,0,JeRmZLT97NUJET9LSUIVc
e0248ac6-cb43-4810-8464-249e1cf1bc14,https://iisqtcrebfuqipzpdlqb.supabase.co/storage/v1/object/public/kmap-bucket/public/users/mapzamurai/japantravel/article/contents/zRQ4l5byYfDg5FKAgl_UL/sI3Jq-Dmua8n26TgR_Znk.webp,PHOTO,0,zRQ4l5byYfDg5FKAgl_UL
9571050f-98c9-4e8c-a3ca-3b641ff3a107,https://iisqtcrebfuqipzpdlqb.supabase.co/storage/v1/object/public/kmap-bucket/public/users/mapzamurai/japantravel/article/contents/zRQ4l5byYfDg5FKAgl_UL/sI3Jq-Dmua8n26TgR_Znk.min.webp,THUMBNAIL,0,zRQ4l5byYfDg5FKAgl_UL
ce7658b6-5239-47b2-a9bd-a621207794de,https://iisqtcrebfuqipzpdlqb.supabase.co/storage/v1/object/public/kmap-bucket/public/users/mapzamurai/japantravel/article/contents/UDTAOfSwTABrGZPdN7jlK/rK6NrxbhVuI9Yg4PevMq5.webp,PHOTO,0,UDTAOfSwTABrGZPdN7jlK
c7304ad4-01ca-4d56-8081-a2fd014641c9,https://iisqtcrebfuqipzpdlqb.supabase.co/storage/v1/object/public/kmap-bucket/public/users/mapzamurai/japantravel/article/contents/UDTAOfSwTABrGZPdN7jlK/rK6NrxbhVuI9Yg4PevMq5.min.webp,THUMBNAIL,0,UDTAOfSwTABrGZPdN7jlK
5ec49403-31f5-45be-bdf9-e30e0bc7c460,https://iisqtcrebfuqipzpdlqb.supabase.co/storage/v1/object/public/kmap-bucket/public/users/mapzamurai/japantravel/article/contents/cJbyWgx1T0P-ZvTCLqEri/t0wveoYbmACulP4jJ0x_e.webp,PHOTO,0,cJbyWgx1T0P-ZvTCLqEri
11eaa1a6-e699-4fac-b825-104d08cbfb9f,https://iisqtcrebfuqipzpdlqb.supabase.co/storage/v1/object/public/kmap-bucket/public/users/mapzamurai/japantravel/article/contents/cJbyWgx1T0P-ZvTCLqEri/t0wveoYbmACulP4jJ0x_e.min.webp,THUMBNAIL,0,cJbyWgx1T0P-ZvTCLqEri
a7c1fbea-d520-45a2-9a6e-fc50cbd75938,https://iisqtcrebfuqipzpdlqb.supabase.co/storage/v1/object/public/kmap-bucket/public/users/mapzamurai/japantravel/article/contents/qnb_4S8HHYHjW-2lscxjy/VTFBWuCsqS9vPYjDiVdwF.webp,PHOTO,0,qnb_4S8HHYHjW-2lscxjy
b26c6704-131c-46d0-b100-e15192c5887b,https://iisqtcrebfuqipzpdlqb.supabase.co/storage/v1/object/public/kmap-bucket/public/users/mapzamurai/japantravel/article/contents/qnb_4S8HHYHjW-2lscxjy/VTFBWuCsqS9vPYjDiVdwF.min.webp,THUMBNAIL,0,qnb_4S8HHYHjW-2lscxjy
f039b910-1224-4c95-9e44-e2acdf0c5e0f,https://iisqtcrebfuqipzpdlqb.supabase.co/storage/v1/object/public/kmap-bucket/public/users/mapzamurai/japantravel/article/contents/9GxR1kYPsTOG2z2TXou0p/Qyy1hZlk4zHEuDhhHWyOf.webp,PHOTO,0,9GxR1kYPsTOG2z2TXou0p
f04edd73-dbfb-4eb2-af16-9cdc55f69de6,https://iisqtcrebfuqipzpdlqb.supabase.co/storage/v1/object/public/kmap-bucket/public/users/mapzamurai/japantravel/article/contents/9GxR1kYPsTOG2z2TXou0p/Qyy1hZlk4zHEuDhhHWyOf.min.webp,THUMBNAIL,0,9GxR1kYPsTOG2z2TXou0p
b9abf5c0-f9cc-4cc0-8fba-9fb2a834da51,https://iisqtcrebfuqipzpdlqb.supabase.co/storage/v1/object/public/kmap-bucket/public/users/mapzamurai/japantravel/article/contents/xJlmhtBOyz3qdc_jC8W8_/cppvz7Txa3q7w0B0B9NEJ.webp,PHOTO,0,xJlmhtBOyz3qdc_jC8W8_
122434b6-4815-4c65-b2a9-2678808c0d79,https://iisqtcrebfuqipzpdlqb.supabase.co/storage/v1/object/public/kmap-bucket/public/users/mapzamurai/japantravel/article/contents/xJlmhtBOyz3qdc_jC8W8_/cppvz7Txa3q7w0B0B9NEJ.min.webp,THUMBNAIL,0,xJlmhtBOyz3qdc_jC8W8_
0388e06e-ea72-4f8f-9c84-4fb95c6b1d92,https://iisqtcrebfuqipzpdlqb.supabase.co/storage/v1/object/public/kmap-bucket/public/users/mapzamurai/japantravel/article/contents/6z8EHZ5Ea3MUQTcI2aS34/z8IXC7HuoR4YZ-lvrU9xI.webp,PHOTO,0,6z8EHZ5Ea3MUQTcI2aS34
15e5ed50-73ab-4d81-a6fa-00551920bcc1,https://iisqtcrebfuqipzpdlqb.supabase.co/storage/v1/object/public/kmap-bucket/public/users/mapzamurai/japantravel/article/contents/6z8EHZ5Ea3MUQTcI2aS34/z8IXC7HuoR4YZ-lvrU9xI.min.webp,THUMBNAIL,0,6z8EHZ5Ea3MUQTcI2aS34
35017bd4-30a7-4714-bc6a-137a2f7f467f,https://iisqtcrebfuqipzpdlqb.supabase.co/storage/v1/object/public/kmap-bucket/public/users/mapzamurai/japantravel/article/contents/OQjr07TKt7LqScE0yrBNL/Zgcu2AKvoUh7Bw6867szM.webp,PHOTO,0,OQjr07TKt7LqScE0yrBNL
0fb6fb45-e325-4392-8833-831839d96353,https://iisqtcrebfuqipzpdlqb.supabase.co/storage/v1/object/public/kmap-bucket/public/users/mapzamurai/japantravel/article/contents/OQjr07TKt7LqScE0yrBNL/Zgcu2AKvoUh7Bw6867szM.min.webp,THUMBNAIL,0,OQjr07TKt7LqScE0yrBNL
bce381bb-0b2f-4f2d-885b-a97487d5fd9d,https://iisqtcrebfuqipzpdlqb.supabase.co/storage/v1/object/public/kmap-bucket/public/users/mapzamurai/japantravel/article/contents/LqjQ3KBq0Geu35xpSutM_/Kjjj86MPrn-lkrSORQ0xP.webp,PHOTO,0,LqjQ3KBq0Geu35xpSutM_
38875f94-5ed6-45dd-bc40-ecf44c1ea141,https://iisqtcrebfuqipzpdlqb.supabase.co/storage/v1/object/public/kmap-bucket/public/users/mapzamurai/japantravel/article/contents/LqjQ3KBq0Geu35xpSutM_/Kjjj86MPrn-lkrSORQ0xP.min.webp,THUMBNAIL,0,LqjQ3KBq0Geu35xpSutM_
68c1e4fd-e500-4ad3-94f4-5b5ef94809d2,https://iisqtcrebfuqipzpdlqb.supabase.co/storage/v1/object/public/kmap-bucket/public/users/mapzamurai/japantravel/article/contents/87feLEysafZ2X7Uc2Svzk/qTLzCsY4VGoQZ6aylwSPY.webp,PHOTO,0,87feLEysafZ2X7Uc2Svzk
967e9275-cf85-4878-b2ae-80478190c479,https://iisqtcrebfuqipzpdlqb.supabase.co/storage/v1/object/public/kmap-bucket/public/users/mapzamurai/japantravel/article/contents/87feLEysafZ2X7Uc2Svzk/qTLzCsY4VGoQZ6aylwSPY.min.webp,THUMBNAIL,0,87feLEysafZ2X7Uc2Svzk
aa793807-1ec7-44c0-9291-c0a9e990e308,https://iisqtcrebfuqipzpdlqb.supabase.co/storage/v1/object/public/kmap-bucket/public/users/mapzamurai/japantravel/article/contents/D9KP62kt_1fmmCBh2hUP4/pIyktfBLlPtIuwiD8S7r8.webp,PHOTO,0,D9KP62kt_1fmmCBh2hUP4
c5dcc57b-91dc-47dd-b215-9a873e89aca0,https://iisqtcrebfuqipzpdlqb.supabase.co/storage/v1/object/public/kmap-bucket/public/users/mapzamurai/japantravel/article/contents/D9KP62kt_1fmmCBh2hUP4/pIyktfBLlPtIuwiD8S7r8.min.webp,THUMBNAIL,0,D9KP62kt_1fmmCBh2hUP4
93de4520-642b-4c39-97a5-bc4f319a090f,https://iisqtcrebfuqipzpdlqb.supabase.co/storage/v1/object/public/kmap-bucket/public/users/mapzamurai/japantravel/article/contents/R9ycFmt-wlLViYUdDLZb-/vMnmhzOVVm4XiIFoC_LvL.webp,PHOTO,0,R9ycFmt-wlLViYUdDLZb-
220bc8b0-3fa9-4eb6-936b-b3e0c4c1568f,https://iisqtcrebfuqipzpdlqb.supabase.co/storage/v1/object/public/kmap-bucket/public/users/mapzamurai/japantravel/article/contents/R9ycFmt-wlLViYUdDLZb-/vMnmhzOVVm4XiIFoC_LvL.min.webp,THUMBNAIL,0,R9ycFmt-wlLViYUdDLZb-
2db8bf9e-e655-41b4-93ad-619cf59ee01d,https://iisqtcrebfuqipzpdlqb.supabase.co/storage/v1/object/public/kmap-bucket/public/users/mapzamurai/japantravel/article/contents/93wHveQL2MValdeDhmDPZ/nnO8T9kWE0yEZgQ_hy42R.webp,PHOTO,0,93wHveQL2MValdeDhmDPZ
c9cd277a-faca-4313-9164-e691225b1c91,https://iisqtcrebfuqipzpdlqb.supabase.co/storage/v1/object/public/kmap-bucket/public/users/mapzamurai/japantravel/article/contents/93wHveQL2MValdeDhmDPZ/nnO8T9kWE0yEZgQ_hy42R.min.webp,THUMBNAIL,0,93wHveQL2MValdeDhmDPZ
eb755ea5-bf21-4c41-a604-e148f86b9af0,https://iisqtcrebfuqipzpdlqb.supabase.co/storage/v1/object/public/kmap-bucket/public/users/mapzamurai/japantravel/article/contents/QVT-upyJcs3bvceJuLsWG/rK6Eq_KFqADuQBSMkxLo8.webp,PHOTO,0,QVT-upyJcs3bvceJuLsWG
30cf4ff1-87f8-417c-969f-3b7850c867d0,https://iisqtcrebfuqipzpdlqb.supabase.co/storage/v1/object/public/kmap-bucket/public/users/mapzamurai/japantravel/article/contents/QVT-upyJcs3bvceJuLsWG/rK6Eq_KFqADuQBSMkxLo8.min.webp,THUMBNAIL,0,QVT-upyJcs3bvceJuLsWG
039fb232-b928-432c-9ae9-b19c7b85dc5e,https://iisqtcrebfuqipzpdlqb.supabase.co/storage/v1/object/public/kmap-bucket/public/users/mapzamurai/japantravel/article/contents/f6SyudEwh3aBh_zdua4u9/sTSEjT5tYBjsqRwLqSuBJ.webp,PHOTO,0,f6SyudEwh3aBh_zdua4u9
b676ff5c-0641-4b1a-969b-137447dd7f02,https://iisqtcrebfuqipzpdlqb.supabase.co/storage/v1/object/public/kmap-bucket/public/users/mapzamurai/japantravel/article/contents/f6SyudEwh3aBh_zdua4u9/sTSEjT5tYBjsqRwLqSuBJ.min.webp,THUMBNAIL,0,f6SyudEwh3aBh_zdua4u9
0202fc72-d07a-4793-af9f-74d811fa8cb9,https://iisqtcrebfuqipzpdlqb.supabase.co/storage/v1/object/public/kmap-bucket/public/users/mapzamurai/japantravel/article/contents/i4XvL2K0l0CfkIc3F4J09/lgeaOR9epk2Eb0RuSaBLV.webp,PHOTO,0,i4XvL2K0l0CfkIc3F4J09
1c47e305-2aa4-4a76-82e6-6bb5a3a40ef7,https://iisqtcrebfuqipzpdlqb.supabase.co/storage/v1/object/public/kmap-bucket/public/users/mapzamurai/japantravel/article/contents/i4XvL2K0l0CfkIc3F4J09/lgeaOR9epk2Eb0RuSaBLV.min.webp,THUMBNAIL,0,i4XvL2K0l0CfkIc3F4J09
73b5390b-68ca-41da-804b-0b20c8ef76eb,https://iisqtcrebfuqipzpdlqb.supabase.co/storage/v1/object/public/kmap-bucket/public/users/mapzamurai/japantravel/article/contents/YdTgbyoVT3FIlYSz0v4Q7/Rz82b2ZxKhoGzuiHZOLxZ.webp,PHOTO,0,YdTgbyoVT3FIlYSz0v4Q7
5532a177-2ae1-4639-ac87-b960a243b91f,https://iisqtcrebfuqipzpdlqb.supabase.co/storage/v1/object/public/kmap-bucket/public/users/mapzamurai/japantravel/article/contents/YdTgbyoVT3FIlYSz0v4Q7/Rz82b2ZxKhoGzuiHZOLxZ.min.webp,THUMBNAIL,0,YdTgbyoVT3FIlYSz0v4Q7
6ab60894-ef9d-476e-856d-29f67afe1be0,https://iisqtcrebfuqipzpdlqb.supabase.co/storage/v1/object/public/kmap-bucket/public/users/mapzamurai/japantravel/article/contents/UA4VoPB_EUNkbBRxUI7GV/o8ekTQzhwDQJL50QL86p_.webp,PHOTO,0,UA4VoPB_EUNkbBRxUI7GV
5cc39a05-9eac-4e98-9281-293755fdf0fa,https://iisqtcrebfuqipzpdlqb.supabase.co/storage/v1/object/public/kmap-bucket/public/users/mapzamurai/japantravel/article/contents/UA4VoPB_EUNkbBRxUI7GV/o8ekTQzhwDQJL50QL86p_.min.webp,THUMBNAIL,0,UA4VoPB_EUNkbBRxUI7GV
311b38d2-ede7-4a3e-9510-8bcea0f9646e,https://iisqtcrebfuqipzpdlqb.supabase.co/storage/v1/object/public/kmap-bucket/public/users/mapzamurai/japantravel/article/contents/O8ToDtarONc0w3Ly8VJIr/LNZ50BFSEaNwVqkdtxIM1.webp,PHOTO,0,O8ToDtarONc0w3Ly8VJIr
dd9199a2-9b10-43d9-83c6-849b9a65b4be,https://iisqtcrebfuqipzpdlqb.supabase.co/storage/v1/object/public/kmap-bucket/public/users/mapzamurai/japantravel/article/contents/O8ToDtarONc0w3Ly8VJIr/LNZ50BFSEaNwVqkdtxIM1.min.webp,THUMBNAIL,0,O8ToDtarONc0w3Ly8VJIr
3a24d91e-59c3-4fec-b896-81a774887c6e,https://iisqtcrebfuqipzpdlqb.supabase.co/storage/v1/object/public/kmap-bucket/public/users/mapzamurai/japantravel/article/contents/xJjpjWDDQ0O472iZMMtXm/Em8oMYP2DFyrbUeKIXvqa.webp,PHOTO,0,xJjpjWDDQ0O472iZMMtXm
ac6f147d-a99d-429e-a414-fdd1614b28f8,https://iisqtcrebfuqipzpdlqb.supabase.co/storage/v1/object/public/kmap-bucket/public/users/mapzamurai/japantravel/article/contents/xJjpjWDDQ0O472iZMMtXm/Em8oMYP2DFyrbUeKIXvqa.min.webp,THUMBNAIL,0,xJjpjWDDQ0O472iZMMtXm
50c4a828-e9c9-4ccc-8372-e53321284e7f,https://iisqtcrebfuqipzpdlqb.supabase.co/storage/v1/object/public/kmap-bucket/public/users/mapzamurai/japantravel/article/contents/VJ9xIB1He9nPvquWm3gUg/wcEAnnAwnq-50V2iUEt8y.webp,PHOTO,0,VJ9xIB1He9nPvquWm3gUg
10be3007-a04c-403d-abc9-5be4a3a36f2e,https://iisqtcrebfuqipzpdlqb.supabase.co/storage/v1/object/public/kmap-bucket/public/users/mapzamurai/japantravel/article/contents/VJ9xIB1He9nPvquWm3gUg/wcEAnnAwnq-50V2iUEt8y.min.webp,THUMBNAIL,0,VJ9xIB1He9nPvquWm3gUg
73c608c1-256c-48ef-a563-0e3df8a33834,https://iisqtcrebfuqipzpdlqb.supabase.co/storage/v1/object/public/kmap-bucket/public/users/mapzamurai/japantravel/article/contents/TZ5EotHPAdWvSI7qn_SSe/mZ0nfhw70TtzyB6A5ynZ1.webp,PHOTO,0,TZ5EotHPAdWvSI7qn_SSe
1a3e4f6a-b20b-4295-ba85-6bf52a699704,https://iisqtcrebfuqipzpdlqb.supabase.co/storage/v1/object/public/kmap-bucket/public/users/mapzamurai/japantravel/article/contents/TZ5EotHPAdWvSI7qn_SSe/mZ0nfhw70TtzyB6A5ynZ1.min.webp,THUMBNAIL,0,TZ5EotHPAdWvSI7qn_SSe
121422ea-1c3f-4e95-87dc-0e8b86ec038c,https://iisqtcrebfuqipzpdlqb.supabase.co/storage/v1/object/public/kmap-bucket/public/users/mapzamurai/japantravel/article/contents/mZX0nUFLo4aC7bJoY2bxa/Y75qok7XIBrAEXvkrOnw8.webp,PHOTO,0,mZX0nUFLo4aC7bJoY2bxa
1000e289-ea59-43cb-aacd-57021682bc67,https://iisqtcrebfuqipzpdlqb.supabase.co/storage/v1/object/public/kmap-bucket/public/users/mapzamurai/japantravel/article/contents/mZX0nUFLo4aC7bJoY2bxa/Y75qok7XIBrAEXvkrOnw8.min.webp,THUMBNAIL,0,mZX0nUFLo4aC7bJoY2bxa
8441b229-e937-4e4d-aac3-47c2fad3c305,https://iisqtcrebfuqipzpdlqb.supabase.co/storage/v1/object/public/kmap-bucket/public/users/mapzamurai/japantravel/article/contents/K8xrsGDxCCjwfLK67puNM/4Sd9qHchI9kyeBjNf1Ylg.webp,PHOTO,0,K8xrsGDxCCjwfLK67puNM
67b1f0c3-4365-4128-8611-aab5f11596f5,https://iisqtcrebfuqipzpdlqb.supabase.co/storage/v1/object/public/kmap-bucket/public/users/mapzamurai/japantravel/article/contents/K8xrsGDxCCjwfLK67puNM/4Sd9qHchI9kyeBjNf1Ylg.min.webp,THUMBNAIL,0,K8xrsGDxCCjwfLK67puNM
7287a5fe-e39d-437c-97a1-fb03d181ba96,https://iisqtcrebfuqipzpdlqb.supabase.co/storage/v1/object/public/kmap-bucket/public/users/mapzamurai/japantravel/article/contents/gNAJrtKaIQ_sw9T_GTPCO/MU10QfuMpSN_dbSd7AJc5.webp,PHOTO,0,gNAJrtKaIQ_sw9T_GTPCO
a2d72d5f-218d-4404-972d-0825896806ed,https://iisqtcrebfuqipzpdlqb.supabase.co/storage/v1/object/public/kmap-bucket/public/users/mapzamurai/japantravel/article/contents/gNAJrtKaIQ_sw9T_GTPCO/MU10QfuMpSN_dbSd7AJc5.min.webp,THUMBNAIL,0,gNAJrtKaIQ_sw9T_GTPCO
484f31a8-1a5f-4366-97f6-586bd86a2859,https://iisqtcrebfuqipzpdlqb.supabase.co/storage/v1/object/public/kmap-bucket/public/users/mapzamurai/japantravel/article/contents/myifesNmZV7i61VssPxKL/qjo6IKO28wt04wdStz2NQ.webp,PHOTO,0,myifesNmZV7i61VssPxKL
92795338-8fcd-44ac-ad0a-8851f2621e2c,https://iisqtcrebfuqipzpdlqb.supabase.co/storage/v1/object/public/kmap-bucket/public/users/mapzamurai/japantravel/article/contents/myifesNmZV7i61VssPxKL/qjo6IKO28wt04wdStz2NQ.min.webp,THUMBNAIL,0,myifesNmZV7i61VssPxKL
55dc2db3-d8ae-47ea-be4a-9a2ed3d43a8d,https://iisqtcrebfuqipzpdlqb.supabase.co/storage/v1/object/public/kmap-bucket/public/users/mapzamurai/japantravel/article/contents/xbFNlfQa4rEezAlFs5SDS/5mPZmMNqpJ5dJgYEGxWJY.webp,PHOTO,0,xbFNlfQa4rEezAlFs5SDS
7d10d9d4-41d6-4efa-ba07-552d031de4ec,https://iisqtcrebfuqipzpdlqb.supabase.co/storage/v1/object/public/kmap-bucket/public/users/mapzamurai/japantravel/article/contents/xbFNlfQa4rEezAlFs5SDS/5mPZmMNqpJ5dJgYEGxWJY.min.webp,THUMBNAIL,0,xbFNlfQa4rEezAlFs5SDS
6149b194-3784-452c-9094-9767ba623120,https://iisqtcrebfuqipzpdlqb.supabase.co/storage/v1/object/public/kmap-bucket/public/users/mapzamurai/japantravel/article/contents/z-FP1xJSXa6C83yh1HvKV/QoYjfDGwIPjvqDlUtwL3I.webp,PHOTO,0,z-FP1xJSXa6C83yh1HvKV
3d39a06a-7001-407d-bbc0-08ddf8905e89,https://iisqtcrebfuqipzpdlqb.supabase.co/storage/v1/object/public/kmap-bucket/public/users/mapzamurai/japantravel/article/contents/z-FP1xJSXa6C83yh1HvKV/QoYjfDGwIPjvqDlUtwL3I.min.webp,THUMBNAIL,0,z-FP1xJSXa6C83yh1HvKV
0005eb38-8e8f-498e-b49b-6e50089d012a,https://iisqtcrebfuqipzpdlqb.supabase.co/storage/v1/object/public/kmap-bucket/public/users/mapzamurai/japantravel/article/contents/1_WzHsq74OfpO2vl3OXZp/UumN9aPdLiLFD0f841muR.webp,PHOTO,0,1_WzHsq74OfpO2vl3OXZp
c48eef61-0250-4ca3-a84b-7b4fa80a4b51,https://iisqtcrebfuqipzpdlqb.supabase.co/storage/v1/object/public/kmap-bucket/public/users/mapzamurai/japantravel/article/contents/1_WzHsq74OfpO2vl3OXZp/UumN9aPdLiLFD0f841muR.min.webp,THUMBNAIL,0,1_WzHsq74OfpO2vl3OXZp
e0279126-9fe0-48da-97a8-00e7f9c27b5f,https://iisqtcrebfuqipzpdlqb.supabase.co/storage/v1/object/public/kmap-bucket/public/users/mapzamurai/japantravel/article/contents/vcqhna5UmneXGzaTUuaiR/7Z0QeAMPSk98tACIIZOyU.webp,PHOTO,0,vcqhna5UmneXGzaTUuaiR
5ab72911-def6-46d7-ada9-fb2a97716029,https://iisqtcrebfuqipzpdlqb.supabase.co/storage/v1/object/public/kmap-bucket/public/users/mapzamurai/japantravel/article/contents/vcqhna5UmneXGzaTUuaiR/7Z0QeAMPSk98tACIIZOyU.min.webp,THUMBNAIL,0,vcqhna5UmneXGzaTUuaiR
d612d09e-0268-4488-9ba3-c2bffae1add2,https://iisqtcrebfuqipzpdlqb.supabase.co/storage/v1/object/public/kmap-bucket/public/users/mapzamurai/japantravel/article/contents/3VcYqrZKm8sQB7dWi7-dl/ecmRO2DiXz_Z6XtyHDk5i.webp,PHOTO,0,3VcYqrZKm8sQB7dWi7-dl
fa5bee31-f1a9-46e6-8903-8683f4ebb3a1,https://iisqtcrebfuqipzpdlqb.supabase.co/storage/v1/object/public/kmap-bucket/public/users/mapzamurai/japantravel/article/contents/3VcYqrZKm8sQB7dWi7-dl/ecmRO2DiXz_Z6XtyHDk5i.min.webp,THUMBNAIL,0,3VcYqrZKm8sQB7dWi7-dl
1284fc31-5931-45e3-96b6-1b501df3f4cd,https://iisqtcrebfuqipzpdlqb.supabase.co/storage/v1/object/public/kmap-bucket/public/users/mapzamurai/japantravel/article/contents/t3oykq15gbIcOA0mCPwem/VabnNNoehDFQNc7Omfn91.webp,PHOTO,0,t3oykq15gbIcOA0mCPwem
55894cd1-6821-43b6-b839-76c0e43bb4a6,https://iisqtcrebfuqipzpdlqb.supabase.co/storage/v1/object/public/kmap-bucket/public/users/mapzamurai/japantravel/article/contents/t3oykq15gbIcOA0mCPwem/VabnNNoehDFQNc7Omfn91.min.webp,THUMBNAIL,0,t3oykq15gbIcOA0mCPwem
418b650e-0f53-4dfc-b4e4-ca9b8e4395a2,https://iisqtcrebfuqipzpdlqb.supabase.co/storage/v1/object/public/kmap-bucket/public/users/mapzamurai/japantravel/article/contents/2W3H7DwRPmr2f-OlBAoF9/gDS9NShhOWPoyt1YiCqzq.webp,PHOTO,0,2W3H7DwRPmr2f-OlBAoF9
ff580993-ae55-42c8-986c-75f0d8cd87ec,https://iisqtcrebfuqipzpdlqb.supabase.co/storage/v1/object/public/kmap-bucket/public/users/mapzamurai/japantravel/article/contents/2W3H7DwRPmr2f-OlBAoF9/gDS9NShhOWPoyt1YiCqzq.min.webp,THUMBNAIL,0,2W3H7DwRPmr2f-OlBAoF9
0c8570dc-6894-4f44-9ae5-642225ebf68b,https://iisqtcrebfuqipzpdlqb.supabase.co/storage/v1/object/public/kmap-bucket/public/users/mapzamurai/japantravel/article/contents/XnP2_oaOjulYw01P4NIlz/cp_agXR92e0uocYsrIvjq.webp,PHOTO,0,XnP2_oaOjulYw01P4NIlz
8e36e8b8-cd82-4d1d-9d66-dd7ecd2e4319,https://iisqtcrebfuqipzpdlqb.supabase.co/storage/v1/object/public/kmap-bucket/public/users/mapzamurai/japantravel/article/contents/XnP2_oaOjulYw01P4NIlz/cp_agXR92e0uocYsrIvjq.min.webp,THUMBNAIL,0,XnP2_oaOjulYw01P4NIlz
ff2b5e7e-3c06-419e-8909-15c21e9a7761,https://iisqtcrebfuqipzpdlqb.supabase.co/storage/v1/object/public/kmap-bucket/public/users/mapzamurai/japantravel/article/contents/6i71-WKmUqX9UByYGHhtD/iRJdqeOOVvH6xOBtoDiiW.webp,PHOTO,0,6i71-WKmUqX9UByYGHhtD
f1e0c12c-5f15-4cac-a402-d4c154ef309b,https://iisqtcrebfuqipzpdlqb.supabase.co/storage/v1/object/public/kmap-bucket/public/users/mapzamurai/japantravel/article/contents/6i71-WKmUqX9UByYGHhtD/iRJdqeOOVvH6xOBtoDiiW.min.webp,THUMBNAIL,0,6i71-WKmUqX9UByYGHhtD
09355442-5509-4934-ae58-52741f2508ec,https://iisqtcrebfuqipzpdlqb.supabase.co/storage/v1/object/public/kmap-bucket/public/users/mapzamurai/japantravel/article/contents/7YRLukjGd8ClzikUtMKKq/8h_isf3w12mYSRJeK_ICq.webp,PHOTO,0,7YRLukjGd8ClzikUtMKKq
451703ef-343a-415a-97a0-e7e7a9923a4b,https://iisqtcrebfuqipzpdlqb.supabase.co/storage/v1/object/public/kmap-bucket/public/users/mapzamurai/japantravel/article/contents/7YRLukjGd8ClzikUtMKKq/8h_isf3w12mYSRJeK_ICq.min.webp,THUMBNAIL,0,7YRLukjGd8ClzikUtMKKq
05da4f85-4377-417d-94f7-0c9e7698246e,https://iisqtcrebfuqipzpdlqb.supabase.co/storage/v1/object/public/kmap-bucket/public/users/mapzamurai/japantravel/article/contents/IDiuD4TWk7TtF-1sBj7mQ/FOI4ImvRHlG5NKXb4X90V.webp,PHOTO,0,IDiuD4TWk7TtF-1sBj7mQ
f16b8ff4-d4ad-4f2d-8d26-274ede8b76e1,https://iisqtcrebfuqipzpdlqb.supabase.co/storage/v1/object/public/kmap-bucket/public/users/mapzamurai/japantravel/article/contents/IDiuD4TWk7TtF-1sBj7mQ/FOI4ImvRHlG5NKXb4X90V.min.webp,THUMBNAIL,0,IDiuD4TWk7TtF-1sBj7mQ
34ceb924-cad3-46c9-87b1-2286fb037c89,https://iisqtcrebfuqipzpdlqb.supabase.co/storage/v1/object/public/kmap-bucket/public/users/mapzamurai/japantravel/article/contents/LG9tpHZNRmeWvbHl9FOou/Qd6ve3Zb913iHS9-hTrX_.webp,PHOTO,0,LG9tpHZNRmeWvbHl9FOou
75f7fa33-ab31-4be1-8a4f-0f28751c792d,https://iisqtcrebfuqipzpdlqb.supabase.co/storage/v1/object/public/kmap-bucket/public/users/mapzamurai/japantravel/article/contents/LG9tpHZNRmeWvbHl9FOou/Qd6ve3Zb913iHS9-hTrX_.min.webp,THUMBNAIL,0,LG9tpHZNRmeWvbHl9FOou
ab791d97-2e04-4132-9ea7-75b0ec015b86,https://iisqtcrebfuqipzpdlqb.supabase.co/storage/v1/object/public/kmap-bucket/public/users/mapzamurai/japantravel/article/contents/x9OdSmQefzIIUTzVwFMcz/8H0Nrnz-24xuf77OGRnL3.webp,PHOTO,0,x9OdSmQefzIIUTzVwFMcz
b4187d22-0ccb-42bb-8913-52f46b3580db,https://iisqtcrebfuqipzpdlqb.supabase.co/storage/v1/object/public/kmap-bucket/public/users/mapzamurai/japantravel/article/contents/x9OdSmQefzIIUTzVwFMcz/8H0Nrnz-24xuf77OGRnL3.min.webp,THUMBNAIL,0,x9OdSmQefzIIUTzVwFMcz
a43c5fc1-0095-4c26-ac6f-7a1ef6c9d2ee,https://iisqtcrebfuqipzpdlqb.supabase.co/storage/v1/object/public/kmap-bucket/public/users/mapzamurai/japantravel/article/contents/ZdolDtrCG_r_mVPpYSOC2/WG35UyM1S6vfrYyIO9uCf.webp,PHOTO,0,ZdolDtrCG_r_mVPpYSOC2
46cae7cf-44d7-4254-a16c-c9ee61de1d86,https://iisqtcrebfuqipzpdlqb.supabase.co/storage/v1/object/public/kmap-bucket/public/users/mapzamurai/japantravel/article/contents/ZdolDtrCG_r_mVPpYSOC2/WG35UyM1S6vfrYyIO9uCf.min.webp,THUMBNAIL,0,ZdolDtrCG_r_mVPpYSOC2
cc814561-97da-45c9-bba2-fbc807c2a873,https://iisqtcrebfuqipzpdlqb.supabase.co/storage/v1/object/public/kmap-bucket/public/users/mapzamurai/japantravel/article/contents/kq5f1sQyFkyBC0d8gXfKW/0XX5LaD1vD3hZ8VFdDLtL.webp,PHOTO,0,kq5f1sQyFkyBC0d8gXfKW
23e940ad-5ce1-41b6-ac4f-07ef316fc06d,https://iisqtcrebfuqipzpdlqb.supabase.co/storage/v1/object/public/kmap-bucket/public/users/mapzamurai/japantravel/article/contents/kq5f1sQyFkyBC0d8gXfKW/0XX5LaD1vD3hZ8VFdDLtL.min.webp,THUMBNAIL,0,kq5f1sQyFkyBC0d8gXfKW
92f1c46a-6822-48df-9b89-4e4043a87a4e,https://iisqtcrebfuqipzpdlqb.supabase.co/storage/v1/object/public/kmap-bucket/public/users/mapzamurai/japantravel/article/contents/KTjUYYorB6v4r1bjQ3lPv/CiBSgUoCAbe1Vr1FKiyln.webp,PHOTO,0,KTjUYYorB6v4r1bjQ3lPv
2fc6d506-40ee-4556-b330-3a0e387e7a55,https://iisqtcrebfuqipzpdlqb.supabase.co/storage/v1/object/public/kmap-bucket/public/users/mapzamurai/japantravel/article/contents/KTjUYYorB6v4r1bjQ3lPv/CiBSgUoCAbe1Vr1FKiyln.min.webp,THUMBNAIL,0,KTjUYYorB6v4r1bjQ3lPv
cbc3855a-975d-4972-bef9-284bda7ff4ec,https://iisqtcrebfuqipzpdlqb.supabase.co/storage/v1/object/public/kmap-bucket/public/users/mapzamurai/japantravel/article/contents/4KP8QWn19epmvH0HzF_nd/AzKh2Z5z0G2WdjpOTF4IW.webp,PHOTO,0,4KP8QWn19epmvH0HzF_nd
761ee53c-6de3-447a-83ee-d4b18a8a6740,https://iisqtcrebfuqipzpdlqb.supabase.co/storage/v1/object/public/kmap-bucket/public/users/mapzamurai/japantravel/article/contents/4KP8QWn19epmvH0HzF_nd/AzKh2Z5z0G2WdjpOTF4IW.min.webp,THUMBNAIL,0,4KP8QWn19epmvH0HzF_nd
95122d0c-fdd1-4424-b253-015648c6580d,https://iisqtcrebfuqipzpdlqb.supabase.co/storage/v1/object/public/kmap-bucket/public/users/mapzamurai/japantravel/article/contents/tbFteD6QxHgVe-b5MhJPm/I2gYhVZ6Mvia_PT6bz9un.webp,PHOTO,0,tbFteD6QxHgVe-b5MhJPm
160dcb71-2d95-4f1a-96b3-313580f9ace3,https://iisqtcrebfuqipzpdlqb.supabase.co/storage/v1/object/public/kmap-bucket/public/users/mapzamurai/japantravel/article/contents/tbFteD6QxHgVe-b5MhJPm/I2gYhVZ6Mvia_PT6bz9un.min.webp,THUMBNAIL,0,tbFteD6QxHgVe-b5MhJPm
b1e661e7-469d-4b78-bd3b-e78bc7d9b5f5,https://iisqtcrebfuqipzpdlqb.supabase.co/storage/v1/object/public/kmap-bucket/public/users/mapzamurai/japantravel/article/contents/mtGzp7r2m7RbkM8V9Cgcy/LQVIXp-l6cpa0ZS_1cuW8.webp,PHOTO,0,mtGzp7r2m7RbkM8V9Cgcy
5416790c-c452-40a5-b11c-fc9b7ad96e65,https://iisqtcrebfuqipzpdlqb.supabase.co/storage/v1/object/public/kmap-bucket/public/users/mapzamurai/japantravel/article/contents/mtGzp7r2m7RbkM8V9Cgcy/LQVIXp-l6cpa0ZS_1cuW8.min.webp,THUMBNAIL,0,mtGzp7r2m7RbkM8V9Cgcy
30b25f73-c00a-4f82-b303-6a00f09a3c27,https://iisqtcrebfuqipzpdlqb.supabase.co/storage/v1/object/public/kmap-bucket/public/users/mapzamurai/japantravel/article/contents/qWTDRoisz1TDsPrVpR5rx/DHIQWkuZrkJNNK1MH3pV0.webp,PHOTO,0,qWTDRoisz1TDsPrVpR5rx
a7ded7e2-eeb0-412e-8fe4-3448656d7d40,https://iisqtcrebfuqipzpdlqb.supabase.co/storage/v1/object/public/kmap-bucket/public/users/mapzamurai/japantravel/article/contents/qWTDRoisz1TDsPrVpR5rx/DHIQWkuZrkJNNK1MH3pV0.min.webp,THUMBNAIL,0,qWTDRoisz1TDsPrVpR5rx
4af0da53-703d-409b-8d4e-6b2be4f0cdcf,https://iisqtcrebfuqipzpdlqb.supabase.co/storage/v1/object/public/kmap-bucket/public/users/mapzamurai/japantravel/article/contents/9KFLZbUzfH_Qa3ZYrx-NI/Mdzake543TOASSGwPab1u.webp,PHOTO,0,9KFLZbUzfH_Qa3ZYrx-NI
424af923-c7b6-47ec-b5ee-dcf5256914b3,https://iisqtcrebfuqipzpdlqb.supabase.co/storage/v1/object/public/kmap-bucket/public/users/mapzamurai/japantravel/article/contents/9KFLZbUzfH_Qa3ZYrx-NI/Mdzake543TOASSGwPab1u.min.webp,THUMBNAIL,0,9KFLZbUzfH_Qa3ZYrx-NI
40f5e1fd-4b9a-43ef-918f-80287039b48e,https://iisqtcrebfuqipzpdlqb.supabase.co/storage/v1/object/public/kmap-bucket/public/users/mapzamurai/japantravel/article/contents/mOFOm6Ie0OIv18xiU47PH/XwRvH9qjROqGKJzTZYvhd.webp,PHOTO,0,mOFOm6Ie0OIv18xiU47PH
f0247266-efa0-46bc-9b85-79f4481ac8ea,https://iisqtcrebfuqipzpdlqb.supabase.co/storage/v1/object/public/kmap-bucket/public/users/mapzamurai/japantravel/article/contents/mOFOm6Ie0OIv18xiU47PH/XwRvH9qjROqGKJzTZYvhd.min.webp,THUMBNAIL,0,mOFOm6Ie0OIv18xiU47PH
26c76189-230c-4715-b2cc-17d919947aa4,https://iisqtcrebfuqipzpdlqb.supabase.co/storage/v1/object/public/kmap-bucket/public/users/mapzamurai/japantravel/article/contents/HtbhP_j_BnJlQNgs6Qp65/2YI0eLUyt2yxvnbbMHbO-.webp,PHOTO,0,HtbhP_j_BnJlQNgs6Qp65
9e713557-6d96-4f00-9e1c-58583f011c31,https://iisqtcrebfuqipzpdlqb.supabase.co/storage/v1/object/public/kmap-bucket/public/users/mapzamurai/japantravel/article/contents/HtbhP_j_BnJlQNgs6Qp65/2YI0eLUyt2yxvnbbMHbO-.min.webp,THUMBNAIL,0,HtbhP_j_BnJlQNgs6Qp65
7588df62-749f-4e99-9cb5-8ae69e4f2a50,https://iisqtcrebfuqipzpdlqb.supabase.co/storage/v1/object/public/kmap-bucket/public/users/mapzamurai/japantravel/article/contents/QrAkcEkMYHxLdYWKpiYDL/Uj6EN8UCUqXDIijcIKH-G.webp,PHOTO,0,QrAkcEkMYHxLdYWKpiYDL
7d9434f3-ec10-4269-aae6-dc06940b695a,https://iisqtcrebfuqipzpdlqb.supabase.co/storage/v1/object/public/kmap-bucket/public/users/mapzamurai/japantravel/article/contents/QrAkcEkMYHxLdYWKpiYDL/Uj6EN8UCUqXDIijcIKH-G.min.webp,THUMBNAIL,0,QrAkcEkMYHxLdYWKpiYDL