id,type,content_id
cE4Chh9mVfGsKMMErj37C,ARTICLE,MFDtvW-04JsLkeCD1_LTc
1UXS_-d_lZALRk9OLtMLS,ARTICLE,RtKWJF2VshNEFBqHgvx8f
4N7LeotimaH3NuD9r4O2f,ARTICLE,o3VlAR1tD0LjUYNaVCjaG
etjb7f_iCqbSYBvnWyWni,ARTICLE,ilUwAxfDaSat7T5XNk-5a
1mEhwFHKsRV4NI7_RFKPo,ARTICLE,qwjbCrJ9Unn1rZzcoftqK
oUHJs19FKZXPA9gmnN1OY,ARTICLE,g5VmRZr-1EpTIpm64utIY
HgHq4dNRXs9qslwkup5h_,ARTICLE,zp-rNlp1ZWP8nIq9wsHnm
W2WM_zj_MzMY8JvbkaLRu,ARTICLE,_5rIH1tLRpxBn-ZYSIGlR
5d8ki0cmZE8sJ5lll0mXt,ARTICLE,yCInci1KQ7Pwfd3ZMvN3m
b-gaP7UMvYPf073dIbNHG,ARTICLE,yD1PwkmMNMwgW0gLv23pI
zX2LaeCUDhetWPMut2mOH,ARTICLE,WgjpkKMbkiaXugCuyZz1d
hL3HzuklXk1AK9ydQzrvJ,ARTICLE,HtTQo3pyX7fLYIK4TjskZ
4ePMnpOnLrK5o0-FWUeKk,ARTICLE,E9rULpY-CmwP8Ar6dQp4r
Pv-kmN5O1R_bXOwVUgC4Y,ARTICLE,w7b6RFO9IbCgq8eMdhBHC
foXU1Kk1H736J1hk0Ct42,ARTICLE,ojmVtW3366MnGgVFFcZrC
9oUAj60CPutqxP7i2nO0a,ARTICLE,cGRjsxky9EsZBZDu2ru4B
4eK01S5ZXK-UB22ONc_8i,ARTICLE,7PtLF5sv5WUyY_uQLJ8jC
a4TaFaqby0T3FoqU5FgrR,ARTICLE,mqHx7bkZ3skWx8seeRcgQ
H9QQE_8vy4MI9tx7Qs-sD,ARTICLE,AlvPxhbDH-b9PfLPznpaI
YZGhSCp0gF1NXCmA5kD5U,ARTICLE,8RvcJBJNrnxJOtr5SY2lH
4POhpD_UM6W9WE1nrn309,ARTICLE,hNyF2BQ5mm-GCcoxEI-EM
3veTY7jg-KsAR8GAJVfjr,ARTICLE,eU0PZ5FRfk7aUb1ZYOvoK
Fw6NyPLIYdWGhvNteRkxJ,ARTICLE,tFfs4D7l4VTwWN5Ho0j97
IMCI5OTe1ThpZGu1JMjN0,ARTICLE,xdxYawmftfuJwI9FWkmwF
WUxl4p-1T8-ak5nDdIkUb,ARTICLE,1ioYwXwedwQ9BwVSmcfY5
5tZTggurIs8Qp__QzFNgK,ARTICLE,gyZ2UqxNcGzFBBhBujmtk
WDgCVI20WZHtFgW2W_HtD,ARTICLE,OrEULw9HhQB6G8vWGW2PZ
8eu9VupUS24pP0Q75V8m_,ARTICLE,FwwCOhVKIe750gYxX7TFl
EiKrllqhun1q5EuQ9f1LT,ARTICLE,6DCdTKlZ-N-cDQKmXahDl
Kyz5SZmHrQ_BF81PPVCaU,ARTICLE,leFeYPt3Eq4dZpxI1t4Ga
i7OrLPLJkLI2Cvr4Yeqsa,ARTICLE,yJ7mSXAi_21L3eXke3sZW
WIMrpDcNIDk1gUYU8FH9g,ARTICLE,zh-qHzWfMbOd4zUCYzB_c
yrP_pDOy2z8_IRbxcmPXG,ARTICLE,H2ICjRG35pROORB2Exim2
Kh0a-clLjcUj6NRfetSOn,ARTICLE,Dk74ZMwsYNUocbGhC9WcM
OeFXy0SHE5tt7ZI08kcsM,ARTICLE,EvZ287EMAlePxnZTQ0cvQ
ayOAVeAPeS5mpNQoRqQlm,ARTICLE,o5hdvY_x_sl4jcOQ1ezcK
Djq2_iZ0tIARyx24VxNdq,ARTICLE,pmtQ0JGnc6Ged-TZfC9O-
bMN56P-jFznC12yoVaUz_,ARTICLE,RNbBgRKE-9bUxqv300-7S
-bY96ChOPzsov3VP3D40q,ARTICLE,dqgMt_xYZsZLFvYV9idoF
Nyfn0TYWWOZ3SQnozY9U2,ARTICLE,0SnxMfgS1FKO8HeKUtXfp
4Iarxssj-Xx_L9DlUlyC2,ARTICLE,KnN_PUvWRYSVAEbxBDZVq
x78ohUNMYjsVhkyLQ0-wf,ARTICLE,aAIvUZkC7o4hd9CPzpYin
SDjlRef1hTHYzJC4JCvWX,ARTICLE,Iy-Ff7A_bmPzhPd4-fRy4
Ovzqu7KZtipfS4OKTvIwO,ARTICLE,9kbBuxugG2GnyVs5yY-nm
l0Ih2OJesqg_8MPhvlkC1,ARTICLE,gZqeZUcozwIkDT_0Z0wiK
BGcN-fuoPlU2I7WGoPsGk,ARTICLE,JeRmZLT97NUJET9LSUIVc
GV7n3NHcZor1K9WMD4-8n,ARTICLE,zRQ4l5byYfDg5FKAgl_UL
NxKkGgh2mh0SMtLAfmbiW,ARTICLE,UDTAOfSwTABrGZPdN7jlK
hLzbCihUkG8r87_-66iL0,ARTICLE,cJbyWgx1T0P-ZvTCLqEri
O09eq4JQD0hgluzahmvT1,ARTICLE,qnb_4S8HHYHjW-2lscxjy
xrseL1kRWlICYAW40F5vd,ARTICLE,9GxR1kYPsTOG2z2TXou0p
UFoSPYYEri1f_daxd3ttx,ARTICLE,xJlmhtBOyz3qdc_jC8W8_
PUIMhwPj1tVM6gDYbuJSU,ARTICLE,6z8EHZ5Ea3MUQTcI2aS34
D-a1_GmwYNublPXrdcHrz,ARTICLE,OQjr07TKt7LqScE0yrBNL
4Q9z480Etfyaz5uZtzwCG,ARTICLE,LqjQ3KBq0Geu35xpSutM_
bMcv8bo-nIZ0y74qDvFjc,ARTICLE,87feLEysafZ2X7Uc2Svzk
fekaeo6OmprkRTpr8DZ5C,ARTICLE,D9KP62kt_1fmmCBh2hUP4
0QPVKmcy9Y9yg6YGYDJ7v,ARTICLE,R9ycFmt-wlLViYUdDLZb-
9yPIe4KAzzj5ghpA4vBUd,ARTICLE,93wHveQL2MValdeDhmDPZ
DgMSFd1u0Gd6-bLt_NvOG,ARTICLE,QVT-upyJcs3bvceJuLsWG
GTHPoQEWXPUTVXJjJRLsT,ARTICLE,f6SyudEwh3aBh_zdua4u9
z5CdhtK3vHcoTF2VTrhn5,ARTICLE,i4XvL2K0l0CfkIc3F4J09
b-oNI6Mh6Jwsqs3TwwIt0,ARTICLE,YdTgbyoVT3FIlYSz0v4Q7
r-98lgUHMkYYQLH8B3MmD,ARTICLE,UA4VoPB_EUNkbBRxUI7GV
DIF70STLvqgG5d6OiT5We,ARTICLE,O8ToDtarONc0w3Ly8VJIr
YbWQmfPxBjRMNipaSBg2w,ARTICLE,xJjpjWDDQ0O472iZMMtXm
2rKFChSwt0liMSyddvlQW,ARTICLE,VJ9xIB1He9nPvquWm3gUg
VjpcYWWQi5wQXBxgPx9fg,ARTICLE,TZ5EotHPAdWvSI7qn_SSe
47-37tZml85PuI4SLdrGN,ARTICLE,mZX0nUFLo4aC7bJoY2bxa
BgCaCJVvaWNZmB9E_C_fp,ARTICLE,K8xrsGDxCCjwfLK67puNM
haCouNzdB1TCFFsmM21c9,ARTICLE,gNAJrtKaIQ_sw9T_GTPCO
PqzJfp1R0q2S68QYbDsAf,ARTICLE,myifesNmZV7i61VssPxKL
pIbRlwJqDpiBsAks5JgGL,ARTICLE,xbFNlfQa4rEezAlFs5SDS
lQkhrdj-p9V4KZmh2S4KK,ARTICLE,z-FP1xJSXa6C83yh1HvKV
p6E48pNFQdDlsTUBf7EOD,ARTICLE,1_WzHsq74OfpO2vl3OXZp
yqgF-I0WuY2DRydgmNjvu,ARTICLE,vcqhna5UmneXGzaTUuaiR
Sh62R2_djeJlQDEh5iIR-,ARTICLE,3VcYqrZKm8sQB7dWi7-dl
reUgj_dm_H-ZyoFeB4ETh,ARTICLE,t3oykq15gbIcOA0mCPwem
DU7r6CoiGZyQDmWKGK8sX,ARTICLE,2W3H7DwRPmr2f-OlBAoF9
Hcap_gXny2MW2XlEkXD7g,ARTICLE,XnP2_oaOjulYw01P4NIlz
VavSKmo21Hg3YC9Dpd2gu,ARTICLE,6i71-WKmUqX9UByYGHhtD
d5Gh8IycScXAG5IzoBzpN,ARTICLE,7YRLukjGd8ClzikUtMKKq
B8ahfWNWADx7S-8dw357i,ARTICLE,IDiuD4TWk7TtF-1sBj7mQ
6VCKwRep8p7_qdvFJHvHT,ARTICLE,LG9tpHZNRmeWvbHl9FOou
4rBmv0YMLwpEovJX01vmN,ARTICLE,x9OdSmQefzIIUTzVwFMcz
MYoumvI_-vcdXqxFi7Hvi,ARTICLE,ZdolDtrCG_r_mVPpYSOC2
fsn3hfntR0D1ZFXTSgNyb,ARTICLE,kq5f1sQyFkyBC0d8gXfKW
ct7JqyJTtiooLyEIEOpGS,ARTICLE,KTjUYYorB6v4r1bjQ3lPv
f3Yj905DMullWX0H6zo2O,ARTICLE,4KP8QWn19epmvH0HzF_nd
5zkxp3ZK7Dgf7KFnEWqA8,ARTICLE,tbFteD6QxHgVe-b5MhJPm
wjrdsew7-rFjdL-kjcDFN,ARTICLE,mtGzp7r2m7RbkM8V9Cgcy
LymdqZyHAIcY08Ged7ySb,ARTICLE,qWTDRoisz1TDsPrVpR5rx
lTMzABORJ-2oC8APjqDFr,ARTICLE,9KFLZbUzfH_Qa3ZYrx-NI
qxFp-lBkSTrBcdxLcRN4X,ARTICLE,mOFOm6Ie0OIv18xiU47PH
SEH3IGxTVQNVy9Ul_PZT-,ARTICLE,HtbhP_j_BnJlQNgs6Qp65
JvkAVJzClNXY4fPammcJY,ARTICLE,QrAkcEkMYHxLdYWKpiYDL