content_id,content_category_id
MFDtvW-04JsLkeCD1_LTc,F72UQSSv5qnV6dGq2o8t-
MFDtvW-04JsLkeCD1_LTc,KcVqSqCqpBoUqNfNlAkE7
MFDtvW-04JsLkeCD1_LTc,L34snMa-YMz_jT9erQqe2
MFDtvW-04JsLkeCD1_LTc,-Q1NyL2hihfCdselYbnjo
MFDtvW-04JsLkeCD1_LTc,ncFeNw-5M4iGoDD-A8hBH
MFDtvW-04JsLkeCD1_LTc,Uzldz52slOyT_7tD9MSW3
MFDtvW-04JsLkeCD1_LTc,phlunt5HJ3fBcZXrezlHN
RtKWJF2VshNEFBqHgvx8f,phlunt5HJ3fBcZXrezlHN
RtKWJF2VshNEFBqHgvx8f,Uzldz52slOyT_7tD9MSW3
RtKWJF2VshNEFBqHgvx8f,n0OLj1cQnnbM3n-2eOzCj
o3VlAR1tD0LjUYNaVCjaG,Uzldz52slOyT_7tD9MSW3
o3VlAR1tD0LjUYNaVCjaG,L34snMa-YMz_jT9erQqe2
o3VlAR1tD0LjUYNaVCjaG,phlunt5HJ3fBcZXrezlHN
ilUwAxfDaSat7T5XNk-5a,F72UQSSv5qnV6dGq2o8t-
ilUwAxfDaSat7T5XNk-5a,PFEwpbxaA9UrKET8fDnAt
ilUwAxfDaSat7T5XNk-5a,-Q1NyL2hihfCdselYbnjo
ilUwAxfDaSat7T5XNk-5a,Uzldz52slOyT_7tD9MSW3
qwjbCrJ9Unn1rZzcoftqK,F72UQSSv5qnV6dGq2o8t-
qwjbCrJ9Unn1rZzcoftqK,n0OLj1cQnnbM3n-2eOzCj
qwjbCrJ9Unn1rZzcoftqK,mE5Zf1AWhRKDQNHC_NsmV
qwjbCrJ9Unn1rZzcoftqK,-Q1NyL2hihfCdselYbnjo
qwjbCrJ9Unn1rZzcoftqK,ncFeNw-5M4iGoDD-A8hBH
g5VmRZr-1EpTIpm64utIY,F72UQSSv5qnV6dGq2o8t-
g5VmRZr-1EpTIpm64utIY,ncFeNw-5M4iGoDD-A8hBH
g5VmRZr-1EpTIpm64utIY,phlunt5HJ3fBcZXrezlHN
zp-rNlp1ZWP8nIq9wsHnm,F72UQSSv5qnV6dGq2o8t-
zp-rNlp1ZWP8nIq9wsHnm,Uzldz52slOyT_7tD9MSW3
zp-rNlp1ZWP8nIq9wsHnm,PFEwpbxaA9UrKET8fDnAt
_5rIH1tLRpxBn-ZYSIGlR,Uzldz52slOyT_7tD9MSW3
_5rIH1tLRpxBn-ZYSIGlR,phlunt5HJ3fBcZXrezlHN
yCInci1KQ7Pwfd3ZMvN3m,phlunt5HJ3fBcZXrezlHN
yCInci1KQ7Pwfd3ZMvN3m,ncFeNw-5M4iGoDD-A8hBH
yD1PwkmMNMwgW0gLv23pI,Uzldz52slOyT_7tD9MSW3
yD1PwkmMNMwgW0gLv23pI,phlunt5HJ3fBcZXrezlHN
WgjpkKMbkiaXugCuyZz1d,F72UQSSv5qnV6dGq2o8t-
WgjpkKMbkiaXugCuyZz1d,n0OLj1cQnnbM3n-2eOzCj
WgjpkKMbkiaXugCuyZz1d,l9bkiReXBvPDuJX6TdvDu
WgjpkKMbkiaXugCuyZz1d,Uzldz52slOyT_7tD9MSW3
HtTQo3pyX7fLYIK4TjskZ,F72UQSSv5qnV6dGq2o8t-
HtTQo3pyX7fLYIK4TjskZ,iW3M5z9QsfI5jnVSJjr5j
HtTQo3pyX7fLYIK4TjskZ,-5F1wQ50bue4PA2khE3sM
E9rULpY-CmwP8Ar6dQp4r,F72UQSSv5qnV6dGq2o8t-
E9rULpY-CmwP8Ar6dQp4r,n0OLj1cQnnbM3n-2eOzCj
E9rULpY-CmwP8Ar6dQp4r,hbMworHLCdna9k7lGwgWG
w7b6RFO9IbCgq8eMdhBHC,F72UQSSv5qnV6dGq2o8t-
w7b6RFO9IbCgq8eMdhBHC,iW3M5z9QsfI5jnVSJjr5j
w7b6RFO9IbCgq8eMdhBHC,Uzldz52slOyT_7tD9MSW3
w7b6RFO9IbCgq8eMdhBHC,-Q1NyL2hihfCdselYbnjo
ojmVtW3366MnGgVFFcZrC,n0OLj1cQnnbM3n-2eOzCj
ojmVtW3366MnGgVFFcZrC,phlunt5HJ3fBcZXrezlHN
ojmVtW3366MnGgVFFcZrC,tqy6nsKbGDANBHHt7CQaG
ojmVtW3366MnGgVFFcZrC,Uzldz52slOyT_7tD9MSW3
ojmVtW3366MnGgVFFcZrC,ncFeNw-5M4iGoDD-A8hBH
cGRjsxky9EsZBZDu2ru4B,F72UQSSv5qnV6dGq2o8t-
cGRjsxky9EsZBZDu2ru4B,phlunt5HJ3fBcZXrezlHN
cGRjsxky9EsZBZDu2ru4B,hbMworHLCdna9k7lGwgWG
7PtLF5sv5WUyY_uQLJ8jC,F72UQSSv5qnV6dGq2o8t-
7PtLF5sv5WUyY_uQLJ8jC,n0OLj1cQnnbM3n-2eOzCj
7PtLF5sv5WUyY_uQLJ8jC,phlunt5HJ3fBcZXrezlHN
7PtLF5sv5WUyY_uQLJ8jC,-Q1NyL2hihfCdselYbnjo
7PtLF5sv5WUyY_uQLJ8jC,L34snMa-YMz_jT9erQqe2
mqHx7bkZ3skWx8seeRcgQ,phlunt5HJ3fBcZXrezlHN
mqHx7bkZ3skWx8seeRcgQ,n0OLj1cQnnbM3n-2eOzCj
mqHx7bkZ3skWx8seeRcgQ,mE5Zf1AWhRKDQNHC_NsmV
mqHx7bkZ3skWx8seeRcgQ,iW3M5z9QsfI5jnVSJjr5j
mqHx7bkZ3skWx8seeRcgQ,Uzldz52slOyT_7tD9MSW3
AlvPxhbDH-b9PfLPznpaI,l9bkiReXBvPDuJX6TdvDu
AlvPxhbDH-b9PfLPznpaI,WpkELU1QduAUsJRvAKneB
8RvcJBJNrnxJOtr5SY2lH,iW3M5z9QsfI5jnVSJjr5j
8RvcJBJNrnxJOtr5SY2lH,F72UQSSv5qnV6dGq2o8t-
8RvcJBJNrnxJOtr5SY2lH,n0OLj1cQnnbM3n-2eOzCj
hNyF2BQ5mm-GCcoxEI-EM,Uzldz52slOyT_7tD9MSW3
hNyF2BQ5mm-GCcoxEI-EM,phlunt5HJ3fBcZXrezlHN
eU0PZ5FRfk7aUb1ZYOvoK,tqy6nsKbGDANBHHt7CQaG
eU0PZ5FRfk7aUb1ZYOvoK,n0OLj1cQnnbM3n-2eOzCj
eU0PZ5FRfk7aUb1ZYOvoK,mE5Zf1AWhRKDQNHC_NsmV
tFfs4D7l4VTwWN5Ho0j97,F72UQSSv5qnV6dGq2o8t-
tFfs4D7l4VTwWN5Ho0j97,n0OLj1cQnnbM3n-2eOzCj
tFfs4D7l4VTwWN5Ho0j97,iW3M5z9QsfI5jnVSJjr5j
tFfs4D7l4VTwWN5Ho0j97,2bdRQFIcZXrYbhxeWeffc
xdxYawmftfuJwI9FWkmwF,l9bkiReXBvPDuJX6TdvDu
xdxYawmftfuJwI9FWkmwF,F72UQSSv5qnV6dGq2o8t-
1ioYwXwedwQ9BwVSmcfY5,F72UQSSv5qnV6dGq2o8t-
1ioYwXwedwQ9BwVSmcfY5,L34snMa-YMz_jT9erQqe2
1ioYwXwedwQ9BwVSmcfY5,ncFeNw-5M4iGoDD-A8hBH
1ioYwXwedwQ9BwVSmcfY5,Uzldz52slOyT_7tD9MSW3
1ioYwXwedwQ9BwVSmcfY5,-Q1NyL2hihfCdselYbnjo
gyZ2UqxNcGzFBBhBujmtk,F72UQSSv5qnV6dGq2o8t-
gyZ2UqxNcGzFBBhBujmtk,n0OLj1cQnnbM3n-2eOzCj
gyZ2UqxNcGzFBBhBujmtk,phlunt5HJ3fBcZXrezlHN
gyZ2UqxNcGzFBBhBujmtk,PFEwpbxaA9UrKET8fDnAt
gyZ2UqxNcGzFBBhBujmtk,tqy6nsKbGDANBHHt7CQaG
OrEULw9HhQB6G8vWGW2PZ,F72UQSSv5qnV6dGq2o8t-
OrEULw9HhQB6G8vWGW2PZ,n0OLj1cQnnbM3n-2eOzCj
OrEULw9HhQB6G8vWGW2PZ,Uzldz52slOyT_7tD9MSW3
OrEULw9HhQB6G8vWGW2PZ,mE5Zf1AWhRKDQNHC_NsmV
FwwCOhVKIe750gYxX7TFl,F72UQSSv5qnV6dGq2o8t-
FwwCOhVKIe750gYxX7TFl,L34snMa-YMz_jT9erQqe2
FwwCOhVKIe750gYxX7TFl,phlunt5HJ3fBcZXrezlHN
FwwCOhVKIe750gYxX7TFl,-5F1wQ50bue4PA2khE3sM
6DCdTKlZ-N-cDQKmXahDl,F72UQSSv5qnV6dGq2o8t-
6DCdTKlZ-N-cDQKmXahDl,PFEwpbxaA9UrKET8fDnAt
6DCdTKlZ-N-cDQKmXahDl,iW3M5z9QsfI5jnVSJjr5j
leFeYPt3Eq4dZpxI1t4Ga,F72UQSSv5qnV6dGq2o8t-
leFeYPt3Eq4dZpxI1t4Ga,hbMworHLCdna9k7lGwgWG
yJ7mSXAi_21L3eXke3sZW,-Q1NyL2hihfCdselYbnjo
yJ7mSXAi_21L3eXke3sZW,iW3M5z9QsfI5jnVSJjr5j
yJ7mSXAi_21L3eXke3sZW,Uzldz52slOyT_7tD9MSW3
yJ7mSXAi_21L3eXke3sZW,n0OLj1cQnnbM3n-2eOzCj
zh-qHzWfMbOd4zUCYzB_c,F72UQSSv5qnV6dGq2o8t-
zh-qHzWfMbOd4zUCYzB_c,n0OLj1cQnnbM3n-2eOzCj
zh-qHzWfMbOd4zUCYzB_c,Uzldz52slOyT_7tD9MSW3
zh-qHzWfMbOd4zUCYzB_c,ncFeNw-5M4iGoDD-A8hBH
zh-qHzWfMbOd4zUCYzB_c,-Q1NyL2hihfCdselYbnjo
H2ICjRG35pROORB2Exim2,F72UQSSv5qnV6dGq2o8t-
H2ICjRG35pROORB2Exim2,n0OLj1cQnnbM3n-2eOzCj
H2ICjRG35pROORB2Exim2,iW3M5z9QsfI5jnVSJjr5j
H2ICjRG35pROORB2Exim2,-Q1NyL2hihfCdselYbnjo
H2ICjRG35pROORB2Exim2,ncFeNw-5M4iGoDD-A8hBH
Dk74ZMwsYNUocbGhC9WcM,F72UQSSv5qnV6dGq2o8t-
Dk74ZMwsYNUocbGhC9WcM,L34snMa-YMz_jT9erQqe2
Dk74ZMwsYNUocbGhC9WcM,PFEwpbxaA9UrKET8fDnAt
Dk74ZMwsYNUocbGhC9WcM,-Q1NyL2hihfCdselYbnjo
Dk74ZMwsYNUocbGhC9WcM,ncFeNw-5M4iGoDD-A8hBH
Dk74ZMwsYNUocbGhC9WcM,phlunt5HJ3fBcZXrezlHN
EvZ287EMAlePxnZTQ0cvQ,F72UQSSv5qnV6dGq2o8t-
EvZ287EMAlePxnZTQ0cvQ,n0OLj1cQnnbM3n-2eOzCj
EvZ287EMAlePxnZTQ0cvQ,mE5Zf1AWhRKDQNHC_NsmV
EvZ287EMAlePxnZTQ0cvQ,2bdRQFIcZXrYbhxeWeffc
EvZ287EMAlePxnZTQ0cvQ,tqy6nsKbGDANBHHt7CQaG
o5hdvY_x_sl4jcOQ1ezcK,F72UQSSv5qnV6dGq2o8t-
o5hdvY_x_sl4jcOQ1ezcK,L34snMa-YMz_jT9erQqe2
o5hdvY_x_sl4jcOQ1ezcK,-Q1NyL2hihfCdselYbnjo
o5hdvY_x_sl4jcOQ1ezcK,Uzldz52slOyT_7tD9MSW3
pmtQ0JGnc6Ged-TZfC9O-,Uzldz52slOyT_7tD9MSW3
pmtQ0JGnc6Ged-TZfC9O-,phlunt5HJ3fBcZXrezlHN
RNbBgRKE-9bUxqv300-7S,F72UQSSv5qnV6dGq2o8t-
RNbBgRKE-9bUxqv300-7S,iW3M5z9QsfI5jnVSJjr5j
RNbBgRKE-9bUxqv300-7S,ncFeNw-5M4iGoDD-A8hBH
RNbBgRKE-9bUxqv300-7S,-5F1wQ50bue4PA2khE3sM
dqgMt_xYZsZLFvYV9idoF,F72UQSSv5qnV6dGq2o8t-
dqgMt_xYZsZLFvYV9idoF,-Q1NyL2hihfCdselYbnjo
dqgMt_xYZsZLFvYV9idoF,ncFeNw-5M4iGoDD-A8hBH
dqgMt_xYZsZLFvYV9idoF,Uzldz52slOyT_7tD9MSW3
0SnxMfgS1FKO8HeKUtXfp,F72UQSSv5qnV6dGq2o8t-
0SnxMfgS1FKO8HeKUtXfp,iW3M5z9QsfI5jnVSJjr5j
0SnxMfgS1FKO8HeKUtXfp,phlunt5HJ3fBcZXrezlHN
KnN_PUvWRYSVAEbxBDZVq,F72UQSSv5qnV6dGq2o8t-
KnN_PUvWRYSVAEbxBDZVq,n0OLj1cQnnbM3n-2eOzCj
KnN_PUvWRYSVAEbxBDZVq,iW3M5z9QsfI5jnVSJjr5j
aAIvUZkC7o4hd9CPzpYin,l9bkiReXBvPDuJX6TdvDu
aAIvUZkC7o4hd9CPzpYin,phlunt5HJ3fBcZXrezlHN
Iy-Ff7A_bmPzhPd4-fRy4,F72UQSSv5qnV6dGq2o8t-
Iy-Ff7A_bmPzhPd4-fRy4,iW3M5z9QsfI5jnVSJjr5j
Iy-Ff7A_bmPzhPd4-fRy4,n0OLj1cQnnbM3n-2eOzCj
Iy-Ff7A_bmPzhPd4-fRy4,-Q1NyL2hihfCdselYbnjo
Iy-Ff7A_bmPzhPd4-fRy4,ncFeNw-5M4iGoDD-A8hBH
9kbBuxugG2GnyVs5yY-nm,2bdRQFIcZXrYbhxeWeffc
9kbBuxugG2GnyVs5yY-nm,iW3M5z9QsfI5jnVSJjr5j
9kbBuxugG2GnyVs5yY-nm,L34snMa-YMz_jT9erQqe2
gZqeZUcozwIkDT_0Z0wiK,F72UQSSv5qnV6dGq2o8t-
gZqeZUcozwIkDT_0Z0wiK,phlunt5HJ3fBcZXrezlHN
gZqeZUcozwIkDT_0Z0wiK,hbMworHLCdna9k7lGwgWG
JeRmZLT97NUJET9LSUIVc,F72UQSSv5qnV6dGq2o8t-
JeRmZLT97NUJET9LSUIVc,Uzldz52slOyT_7tD9MSW3
JeRmZLT97NUJET9LSUIVc,PFEwpbxaA9UrKET8fDnAt
zRQ4l5byYfDg5FKAgl_UL,Uzldz52slOyT_7tD9MSW3
zRQ4l5byYfDg5FKAgl_UL,phlunt5HJ3fBcZXrezlHN
UDTAOfSwTABrGZPdN7jlK,F72UQSSv5qnV6dGq2o8t-
UDTAOfSwTABrGZPdN7jlK,Uzldz52slOyT_7tD9MSW3
UDTAOfSwTABrGZPdN7jlK,phlunt5HJ3fBcZXrezlHN
UDTAOfSwTABrGZPdN7jlK,WpkELU1QduAUsJRvAKneB
cJbyWgx1T0P-ZvTCLqEri,iW3M5z9QsfI5jnVSJjr5j
cJbyWgx1T0P-ZvTCLqEri,L34snMa-YMz_jT9erQqe2
qnb_4S8HHYHjW-2lscxjy,F72UQSSv5qnV6dGq2o8t-
qnb_4S8HHYHjW-2lscxjy,L34snMa-YMz_jT9erQqe2
qnb_4S8HHYHjW-2lscxjy,-Q1NyL2hihfCdselYbnjo
qnb_4S8HHYHjW-2lscxjy,ncFeNw-5M4iGoDD-A8hBH
9GxR1kYPsTOG2z2TXou0p,F72UQSSv5qnV6dGq2o8t-
9GxR1kYPsTOG2z2TXou0p,iW3M5z9QsfI5jnVSJjr5j
9GxR1kYPsTOG2z2TXou0p,Uzldz52slOyT_7tD9MSW3
9GxR1kYPsTOG2z2TXou0p,phlunt5HJ3fBcZXrezlHN
xJlmhtBOyz3qdc_jC8W8_,F72UQSSv5qnV6dGq2o8t-
xJlmhtBOyz3qdc_jC8W8_,n0OLj1cQnnbM3n-2eOzCj
xJlmhtBOyz3qdc_jC8W8_,mE5Zf1AWhRKDQNHC_NsmV
xJlmhtBOyz3qdc_jC8W8_,iW3M5z9QsfI5jnVSJjr5j
6z8EHZ5Ea3MUQTcI2aS34,F72UQSSv5qnV6dGq2o8t-
6z8EHZ5Ea3MUQTcI2aS34,Uzldz52slOyT_7tD9MSW3
6z8EHZ5Ea3MUQTcI2aS34,phlunt5HJ3fBcZXrezlHN
OQjr07TKt7LqScE0yrBNL,F72UQSSv5qnV6dGq2o8t-
OQjr07TKt7LqScE0yrBNL,iW3M5z9QsfI5jnVSJjr5j
OQjr07TKt7LqScE0yrBNL,phlunt5HJ3fBcZXrezlHN
LqjQ3KBq0Geu35xpSutM_,F72UQSSv5qnV6dGq2o8t-
LqjQ3KBq0Geu35xpSutM_,L34snMa-YMz_jT9erQqe2
LqjQ3KBq0Geu35xpSutM_,n0OLj1cQnnbM3n-2eOzCj
LqjQ3KBq0Geu35xpSutM_,mE5Zf1AWhRKDQNHC_NsmV
LqjQ3KBq0Geu35xpSutM_,hbMworHLCdna9k7lGwgWG
87feLEysafZ2X7Uc2Svzk,iW3M5z9QsfI5jnVSJjr5j
87feLEysafZ2X7Uc2Svzk,phlunt5HJ3fBcZXrezlHN
D9KP62kt_1fmmCBh2hUP4,n0OLj1cQnnbM3n-2eOzCj
D9KP62kt_1fmmCBh2hUP4,tqy6nsKbGDANBHHt7CQaG
R9ycFmt-wlLViYUdDLZb-,F72UQSSv5qnV6dGq2o8t-
R9ycFmt-wlLViYUdDLZb-,iW3M5z9QsfI5jnVSJjr5j
R9ycFmt-wlLViYUdDLZb-,L34snMa-YMz_jT9erQqe2
93wHveQL2MValdeDhmDPZ,n0OLj1cQnnbM3n-2eOzCj
93wHveQL2MValdeDhmDPZ,2bdRQFIcZXrYbhxeWeffc
93wHveQL2MValdeDhmDPZ,phlunt5HJ3fBcZXrezlHN
QVT-upyJcs3bvceJuLsWG,WpkELU1QduAUsJRvAKneB
QVT-upyJcs3bvceJuLsWG,phlunt5HJ3fBcZXrezlHN
f6SyudEwh3aBh_zdua4u9,iW3M5z9QsfI5jnVSJjr5j
f6SyudEwh3aBh_zdua4u9,phlunt5HJ3fBcZXrezlHN
i4XvL2K0l0CfkIc3F4J09,Uzldz52slOyT_7tD9MSW3
i4XvL2K0l0CfkIc3F4J09,n0OLj1cQnnbM3n-2eOzCj
YdTgbyoVT3FIlYSz0v4Q7,phlunt5HJ3fBcZXrezlHN
YdTgbyoVT3FIlYSz0v4Q7,Uzldz52slOyT_7tD9MSW3
YdTgbyoVT3FIlYSz0v4Q7,l9bkiReXBvPDuJX6TdvDu
UA4VoPB_EUNkbBRxUI7GV,iW3M5z9QsfI5jnVSJjr5j
UA4VoPB_EUNkbBRxUI7GV,F72UQSSv5qnV6dGq2o8t-
UA4VoPB_EUNkbBRxUI7GV,-Q1NyL2hihfCdselYbnjo
UA4VoPB_EUNkbBRxUI7GV,n0OLj1cQnnbM3n-2eOzCj
O8ToDtarONc0w3Ly8VJIr,F72UQSSv5qnV6dGq2o8t-
O8ToDtarONc0w3Ly8VJIr,ncFeNw-5M4iGoDD-A8hBH
O8ToDtarONc0w3Ly8VJIr,Uzldz52slOyT_7tD9MSW3
O8ToDtarONc0w3Ly8VJIr,iW3M5z9QsfI5jnVSJjr5j
O8ToDtarONc0w3Ly8VJIr,phlunt5HJ3fBcZXrezlHN
xJjpjWDDQ0O472iZMMtXm,Uzldz52slOyT_7tD9MSW3
xJjpjWDDQ0O472iZMMtXm,phlunt5HJ3fBcZXrezlHN
xJjpjWDDQ0O472iZMMtXm,iW3M5z9QsfI5jnVSJjr5j
VJ9xIB1He9nPvquWm3gUg,F72UQSSv5qnV6dGq2o8t-
VJ9xIB1He9nPvquWm3gUg,L34snMa-YMz_jT9erQqe2
VJ9xIB1He9nPvquWm3gUg,Uzldz52slOyT_7tD9MSW3
VJ9xIB1He9nPvquWm3gUg,ncFeNw-5M4iGoDD-A8hBH
VJ9xIB1He9nPvquWm3gUg,-Q1NyL2hihfCdselYbnjo
TZ5EotHPAdWvSI7qn_SSe,n0OLj1cQnnbM3n-2eOzCj
TZ5EotHPAdWvSI7qn_SSe,mE5Zf1AWhRKDQNHC_NsmV
mZX0nUFLo4aC7bJoY2bxa,F72UQSSv5qnV6dGq2o8t-
mZX0nUFLo4aC7bJoY2bxa,n0OLj1cQnnbM3n-2eOzCj
mZX0nUFLo4aC7bJoY2bxa,mE5Zf1AWhRKDQNHC_NsmV
mZX0nUFLo4aC7bJoY2bxa,phlunt5HJ3fBcZXrezlHN
mZX0nUFLo4aC7bJoY2bxa,PFEwpbxaA9UrKET8fDnAt
mZX0nUFLo4aC7bJoY2bxa,-Q1NyL2hihfCdselYbnjo
mZX0nUFLo4aC7bJoY2bxa,ncFeNw-5M4iGoDD-A8hBH
mZX0nUFLo4aC7bJoY2bxa,Uzldz52slOyT_7tD9MSW3
K8xrsGDxCCjwfLK67puNM,F72UQSSv5qnV6dGq2o8t-
K8xrsGDxCCjwfLK67puNM,L34snMa-YMz_jT9erQqe2
K8xrsGDxCCjwfLK67puNM,phlunt5HJ3fBcZXrezlHN
gNAJrtKaIQ_sw9T_GTPCO,F72UQSSv5qnV6dGq2o8t-
gNAJrtKaIQ_sw9T_GTPCO,ncFeNw-5M4iGoDD-A8hBH
gNAJrtKaIQ_sw9T_GTPCO,Uzldz52slOyT_7tD9MSW3
gNAJrtKaIQ_sw9T_GTPCO,phlunt5HJ3fBcZXrezlHN
myifesNmZV7i61VssPxKL,Uzldz52slOyT_7tD9MSW3
myifesNmZV7i61VssPxKL,phlunt5HJ3fBcZXrezlHN
xbFNlfQa4rEezAlFs5SDS,F72UQSSv5qnV6dGq2o8t-
xbFNlfQa4rEezAlFs5SDS,n0OLj1cQnnbM3n-2eOzCj
xbFNlfQa4rEezAlFs5SDS,L34snMa-YMz_jT9erQqe2
xbFNlfQa4rEezAlFs5SDS,-Q1NyL2hihfCdselYbnjo
xbFNlfQa4rEezAlFs5SDS,ncFeNw-5M4iGoDD-A8hBH
xbFNlfQa4rEezAlFs5SDS,Uzldz52slOyT_7tD9MSW3
z-FP1xJSXa6C83yh1HvKV,F72UQSSv5qnV6dGq2o8t-
z-FP1xJSXa6C83yh1HvKV,ncFeNw-5M4iGoDD-A8hBH
z-FP1xJSXa6C83yh1HvKV,-Q1NyL2hihfCdselYbnjo
z-FP1xJSXa6C83yh1HvKV,Uzldz52slOyT_7tD9MSW3
1_WzHsq74OfpO2vl3OXZp,phlunt5HJ3fBcZXrezlHN
1_WzHsq74OfpO2vl3OXZp,tqy6nsKbGDANBHHt7CQaG
vcqhna5UmneXGzaTUuaiR,n0OLj1cQnnbM3n-2eOzCj
vcqhna5UmneXGzaTUuaiR,phlunt5HJ3fBcZXrezlHN
vcqhna5UmneXGzaTUuaiR,Uzldz52slOyT_7tD9MSW3
vcqhna5UmneXGzaTUuaiR,-Q1NyL2hihfCdselYbnjo
vcqhna5UmneXGzaTUuaiR,PFEwpbxaA9UrKET8fDnAt
3VcYqrZKm8sQB7dWi7-dl,F72UQSSv5qnV6dGq2o8t-
3VcYqrZKm8sQB7dWi7-dl,PFEwpbxaA9UrKET8fDnAt
3VcYqrZKm8sQB7dWi7-dl,hbMworHLCdna9k7lGwgWG
t3oykq15gbIcOA0mCPwem,F72UQSSv5qnV6dGq2o8t-
t3oykq15gbIcOA0mCPwem,PFEwpbxaA9UrKET8fDnAt
t3oykq15gbIcOA0mCPwem,phlunt5HJ3fBcZXrezlHN
t3oykq15gbIcOA0mCPwem,ncFeNw-5M4iGoDD-A8hBH
2W3H7DwRPmr2f-OlBAoF9,l9bkiReXBvPDuJX6TdvDu
2W3H7DwRPmr2f-OlBAoF9,phlunt5HJ3fBcZXrezlHN
XnP2_oaOjulYw01P4NIlz,F72UQSSv5qnV6dGq2o8t-
XnP2_oaOjulYw01P4NIlz,phlunt5HJ3fBcZXrezlHN
XnP2_oaOjulYw01P4NIlz,hbMworHLCdna9k7lGwgWG
6i71-WKmUqX9UByYGHhtD,-Q1NyL2hihfCdselYbnjo
6i71-WKmUqX9UByYGHhtD,ncFeNw-5M4iGoDD-A8hBH
6i71-WKmUqX9UByYGHhtD,L34snMa-YMz_jT9erQqe2
7YRLukjGd8ClzikUtMKKq,Uzldz52slOyT_7tD9MSW3
7YRLukjGd8ClzikUtMKKq,phlunt5HJ3fBcZXrezlHN
IDiuD4TWk7TtF-1sBj7mQ,Uzldz52slOyT_7tD9MSW3
IDiuD4TWk7TtF-1sBj7mQ,L34snMa-YMz_jT9erQqe2
LG9tpHZNRmeWvbHl9FOou,F72UQSSv5qnV6dGq2o8t-
LG9tpHZNRmeWvbHl9FOou,iW3M5z9QsfI5jnVSJjr5j
LG9tpHZNRmeWvbHl9FOou,phlunt5HJ3fBcZXrezlHN
LG9tpHZNRmeWvbHl9FOou,-5F1wQ50bue4PA2khE3sM
x9OdSmQefzIIUTzVwFMcz,F72UQSSv5qnV6dGq2o8t-
x9OdSmQefzIIUTzVwFMcz,mE5Zf1AWhRKDQNHC_NsmV
x9OdSmQefzIIUTzVwFMcz,iW3M5z9QsfI5jnVSJjr5j
x9OdSmQefzIIUTzVwFMcz,phlunt5HJ3fBcZXrezlHN
ZdolDtrCG_r_mVPpYSOC2,iW3M5z9QsfI5jnVSJjr5j
ZdolDtrCG_r_mVPpYSOC2,PFEwpbxaA9UrKET8fDnAt
kq5f1sQyFkyBC0d8gXfKW,F72UQSSv5qnV6dGq2o8t-
kq5f1sQyFkyBC0d8gXfKW,n0OLj1cQnnbM3n-2eOzCj
kq5f1sQyFkyBC0d8gXfKW,Uzldz52slOyT_7tD9MSW3
kq5f1sQyFkyBC0d8gXfKW,2bdRQFIcZXrYbhxeWeffc
KTjUYYorB6v4r1bjQ3lPv,F72UQSSv5qnV6dGq2o8t-
KTjUYYorB6v4r1bjQ3lPv,n0OLj1cQnnbM3n-2eOzCj
KTjUYYorB6v4r1bjQ3lPv,mE5Zf1AWhRKDQNHC_NsmV
4KP8QWn19epmvH0HzF_nd,Uzldz52slOyT_7tD9MSW3
4KP8QWn19epmvH0HzF_nd,n0OLj1cQnnbM3n-2eOzCj
4KP8QWn19epmvH0HzF_nd,hbMworHLCdna9k7lGwgWG
tbFteD6QxHgVe-b5MhJPm,Uzldz52slOyT_7tD9MSW3
tbFteD6QxHgVe-b5MhJPm,phlunt5HJ3fBcZXrezlHN
mtGzp7r2m7RbkM8V9Cgcy,iW3M5z9QsfI5jnVSJjr5j
mtGzp7r2m7RbkM8V9Cgcy,L34snMa-YMz_jT9erQqe2
mtGzp7r2m7RbkM8V9Cgcy,F72UQSSv5qnV6dGq2o8t-
qWTDRoisz1TDsPrVpR5rx,-Q1NyL2hihfCdselYbnjo
qWTDRoisz1TDsPrVpR5rx,ncFeNw-5M4iGoDD-A8hBH
qWTDRoisz1TDsPrVpR5rx,Uzldz52slOyT_7tD9MSW3
qWTDRoisz1TDsPrVpR5rx,n0OLj1cQnnbM3n-2eOzCj
9KFLZbUzfH_Qa3ZYrx-NI,F72UQSSv5qnV6dGq2o8t-
9KFLZbUzfH_Qa3ZYrx-NI,n0OLj1cQnnbM3n-2eOzCj
9KFLZbUzfH_Qa3ZYrx-NI,iW3M5z9QsfI5jnVSJjr5j
mOFOm6Ie0OIv18xiU47PH,F72UQSSv5qnV6dGq2o8t-
mOFOm6Ie0OIv18xiU47PH,mE5Zf1AWhRKDQNHC_NsmV
mOFOm6Ie0OIv18xiU47PH,n0OLj1cQnnbM3n-2eOzCj
mOFOm6Ie0OIv18xiU47PH,Uzldz52slOyT_7tD9MSW3
HtbhP_j_BnJlQNgs6Qp65,phlunt5HJ3fBcZXrezlHN
HtbhP_j_BnJlQNgs6Qp65,PFEwpbxaA9UrKET8fDnAt
QrAkcEkMYHxLdYWKpiYDL,F72UQSSv5qnV6dGq2o8t-
QrAkcEkMYHxLdYWKpiYDL,mE5Zf1AWhRKDQNHC_NsmV
QrAkcEkMYHxLdYWKpiYDL,L34snMa-YMz_jT9erQqe2
QrAkcEkMYHxLdYWKpiYDL,iW3M5z9QsfI5jnVSJjr5j